Date,Open,High,Close,Volume
2007-08-03,11.61,13.39,12.9,6608700
2007-08-06,13.0,13.23,12.7,796500
2007-08-07,12.64,12.9,12.6,450100
2007-08-08,12.65,13.0,12.88,225500
2007-08-09,12.45,13.1,12.94,131900
2007-08-10,12.72,13.2,12.81,231800
2007-08-13,12.91,13.206,13.07,240400
2007-08-14,13.45,13.49,13.01,45600
2007-08-15,12.99,13.1,12.88,183200
2007-08-16,12.6,12.732000000000001,12.7,78900
2007-08-17,12.49,13.0,13.0,297300
2007-08-20,12.89,12.89,12.75,88600
2007-08-21,12.7,13.0,12.9,280800
2007-08-22,12.99,12.99,12.63,158900
2007-08-23,12.51,12.99,12.9,351400
2007-08-24,12.83,13.0,12.99,40200
2007-08-27,12.99,13.1,13.1,104900
2007-08-28,13.16,13.2,12.76,17800
2007-08-29,12.76,13.2,12.77,47400
2007-08-30,12.61,12.85,12.54,38100
2007-08-31,12.69,12.82,12.69,22600
2007-09-03,12.69,12.82,12.69,0
2007-09-04,12.68,13.8,13.75,154200
2007-09-05,13.77,15.0,14.55,451200
2007-09-06,14.53,14.78,14.5,73600
2007-09-07,14.5,14.7,14.5,93800
2007-09-10,14.53,15.29,14.83,358900
2007-09-11,14.84,15.95,15.2,126599
2007-09-12,15.29,15.5,15.22,216000
2007-09-13,15.34,15.56,15.55,459700
2007-09-14,15.55,16.0,15.89,210200
2007-09-17,15.84,15.9,15.7,517599
2007-09-18,15.59,15.91,15.4,391600
2007-09-19,15.3,15.7,15.7,72100
2007-09-20,15.74,15.91,15.85,44200
2007-09-21,15.94,16.32,16.13,489600
2007-09-24,16.23,16.44,16.17,214700
2007-09-25,16.14,16.14,15.65,67900
2007-09-26,16.0,16.39,16.1,301100
2007-09-27,16.17,16.38,15.42,203200
2007-09-28,15.3,15.5,14.81,1450900
2007-10-01,14.79,16.21,15.8,298900
2007-10-02,15.71,16.34,16.03,130600
2007-10-03,16.0,16.55,16.42,220100
2007-10-04,16.51,17.24,16.95,210800
2007-10-05,17.15,17.31,17.25,154600
2007-10-08,17.24,17.43,16.7,160600
2007-10-09,16.8,17.18,17.07,156500
2007-10-10,17.0,17.55,17.54,366300
2007-10-11,17.55,18.69,18.6,713200
2007-10-12,18.65,18.83,18.46,216600
2007-10-15,18.46,18.5,18.03,100000
2007-10-16,18.2,18.94,18.82,409000
2007-10-17,19.01,19.37,18.86,1175200
2007-10-18,19.06,19.74,19.73,117000
2007-10-19,19.68,20.07,19.65,242800
2007-10-22,19.58,20.5,19.56,165300
2007-10-23,19.75,20.0,19.95,374600
2007-10-24,20.0,20.18,20.16,103600
2007-10-25,19.51,19.98,19.74,242200
2007-10-26,20.03,21.75,21.37,149100
2007-10-29,21.8,22.3,21.99,196600
2007-10-30,21.65,22.17,20.46,146900
2007-10-31,20.8,20.8,19.49,201500
2007-11-01,19.45,20.08,19.92,196200
2007-11-02,19.98,20.0,19.94,120300
2007-11-05,19.97,20.22,19.78,274410
2007-11-06,19.78,19.78,19.4,91500
2007-11-07,19.25,19.99,19.01,246700
2007-11-08,19.1,19.1,18.89,140800
2007-11-09,18.82,18.82,18.56,155200
2007-11-12,18.43,18.47,18.12,163100
2007-11-13,18.13,18.4,18.4,122000
2007-11-14,18.9,18.95,17.6,239300
2007-11-15,17.56,18.56,18.5,280200
2007-11-16,18.38,18.92,18.54,190600
2007-11-19,18.36,18.78,18.07,61600
2007-11-20,18.01,19.68,19.65,198200
2007-11-21,19.69,21.3,20.57,293200
2007-11-22,19.69,21.3,20.57,0
2007-11-23,20.53,21.8692,21.24,121870
2007-11-26,21.53,21.53,19.93,152500
2007-11-27,20.23,21.45,19.09,258900
2007-11-28,18.52,19.27,18.76,293046
2007-11-29,19.15,19.17,18.79,53700
2007-11-30,19.19,19.19,18.86,99400
2007-12-03,19.1,19.1,18.55,72100
2007-12-04,18.62,18.62,18.13,85753
2007-12-05,18.6,18.6,17.79,277800
2007-12-06,17.61,19.29,19.27,345909
2007-12-07,18.6,18.6,17.41,212000
2007-12-10,17.55,17.63,17.61,247900
2007-12-11,17.6,18.22,17.88,235900
2007-12-12,18.28,18.6,18.54,272800
2007-12-13,18.24,18.42,18.19,348500
2007-12-14,18.05,19.27,19.0,3688100
2007-12-17,18.81,19.4799,18.98,725400
2007-12-18,19.1,20.46,20.34,370500
2007-12-19,20.38,20.57,20.08,264300
2007-12-20,20.25,20.65,20.41,208300
2007-12-21,20.75,20.86,20.58,844800
2007-12-24,20.48,20.86,20.84,243900
2007-12-25,20.48,20.86,20.84,0
2007-12-26,20.7,21.5,21.25,240570
2007-12-27,21.04,21.58,20.75,158100
2007-12-28,21.05,21.28,20.55,132600
2007-12-31,20.38,20.61,20.61,167000
2008-01-01,20.38,20.61,20.61,0
2008-01-02,20.66,21.74,21.57,363946
2008-01-03,21.72,22.25,22.08,434350
2008-01-04,22.0,22.22,21.06,484400
2008-01-07,21.34,21.74,21.19,282500
2008-01-08,21.27,22.11,22.1,419000
2008-01-09,22.1,23.55,23.27,431100
2008-01-10,23.29,23.39,22.46,660100
2008-01-11,22.3,22.7,21.68,173400
2008-01-14,21.87,22.84,22.22,395200
2008-01-15,21.88,22.07,21.29,402990
2008-01-16,21.36,21.36,20.41,285105
2008-01-17,20.51,20.51,19.33,365900
2008-01-18,19.37,19.42,19.07,372600
2008-01-21,19.37,19.42,19.07,0
2008-01-22,18.5,19.59,19.18,280500
2008-01-23,18.78,19.28,19.09,323400
2008-01-24,19.15,20.59,19.63,207500
2008-01-25,19.99,20.28,19.55,281600
2008-01-28,19.48,20.05,19.98,180886
2008-01-29,20.13,20.53,20.11,168800
2008-01-30,20.01,21.26,20.31,159953
2008-01-31,19.95,20.53,20.17,362300
2008-02-01,20.3,22.24,21.48,184280
2008-02-04,21.46,21.66,20.83,69300
2008-02-05,20.42,20.57,19.82,56200
2008-02-06,20.04,20.63,19.89,158269
2008-02-07,19.89,20.45,20.01,146900
2008-02-08,20.0,20.35,20.09,84900
2008-02-11,19.96,20.18,19.97,181600
2008-02-12,20.02,21.65,21.22,85800
2008-02-13,21.45,23.38,22.98,616697
2008-02-14,21.9,22.53,22.29,1037408
2008-02-15,22.12,22.41,22.2,204100
2008-02-18,22.12,22.41,22.2,0
2008-02-19,22.46,23.22,22.68,187200
2008-02-20,22.36,23.0,22.95,44800
2008-02-21,23.27,23.79,21.81,135060
2008-02-22,22.0,22.19,22.04,174000
2008-02-25,22.31,22.78,22.41,181900
2008-02-26,22.31,23.11,22.12,31000
2008-02-27,20.26,23.41,22.82,481459
2008-02-28,23.0,25.26,24.96,994257
2008-02-29,24.75,25.5,23.3,263700
2008-03-03,23.3,24.99,23.72,277600
2008-03-04,23.57,24.0,23.77,168526
2008-03-05,24.36,25.1,25.1,221273
2008-03-06,25.1,25.3,24.69,138700
2008-03-07,24.47,24.73,23.93,395600
2008-03-10,23.97,24.16,23.8,154800
2008-03-11,24.0,24.45,23.96,380900
2008-03-12,23.91,24.85,24.51,351371
2008-03-13,24.57,25.39,25.25,524047
2008-03-14,25.35,25.4,24.96,485500
2008-03-17,24.58,24.58,23.92,245353
2008-03-18,24.45,25.17,25.09,290600
2008-03-19,25.23,25.23,23.87,597200
2008-03-20,23.76,25.21,24.13,917314
2008-03-21,23.76,25.21,24.13,0
2008-03-24,23.91,25.49,25.09,386759
2008-03-25,25.14,26.2,25.31,658700
2008-03-26,24.93,26.0,25.41,233500
2008-03-27,25.92,26.05,25.37,315850
2008-03-28,25.36,26.08,25.68,381300
2008-03-31,25.94,26.44,25.64,230700
2008-04-01,26.15,26.15,25.59,406800
2008-04-02,25.78,25.95,25.77,222800
2008-04-03,25.66,26.5,26.24,320630
2008-04-04,26.21,27.32,26.61,298943
2008-04-07,26.85,27.34,26.53,348343
2008-04-08,26.4,27.14,26.72,208180
2008-04-09,26.85,27.58,26.11,351568
2008-04-10,26.16,27.4,27.2,472454
2008-04-11,27.01,27.64,27.57,447674
2008-04-14,27.62,27.98,27.17,388897
2008-04-15,26.79,27.24,26.95,505746
2008-04-16,27.23,27.89,27.49,481644
2008-04-17,27.42,28.12,27.91,501438
2008-04-18,28.17,28.5,27.19,598307
2008-04-21,27.08,27.86,26.18,534697
2008-04-22,26.18,26.86,26.67,513436
2008-04-23,26.79,28.3,27.4,429167
2008-04-24,27.45,27.57,27.0,326064
2008-04-25,27.08,27.82,27.55,219060
2008-04-28,27.71,28.25,28.0,403083
2008-04-29,28.1,28.28,27.91,292790
2008-04-30,27.62,28.18,27.57,337794
2008-05-01,27.7,27.7,27.16,342436
2008-05-02,27.19,27.68,27.31,194045
2008-05-05,27.37,27.68,27.02,517240
2008-05-06,27.02,27.61,27.33,575470
2008-05-07,27.41,27.54,26.79,314953
2008-05-08,26.79,27.1,26.99,317158
2008-05-09,26.95,27.96,27.94,199066
2008-05-12,27.91,28.07,27.58,174416
2008-05-13,27.6,28.61,27.94,979346
2008-05-14,28.02,29.75,28.4,1216139
2008-05-15,28.65,29.99,29.11,1112394
2008-05-16,29.26,29.94,29.42,798469
2008-05-19,29.58,29.99,29.14,987842
2008-05-20,29.0,31.1,30.78,1317432
2008-05-21,30.89,32.12,30.76,1048973
2008-05-22,31.17,32.39,32.21,1496700
2008-05-23,32.12,32.75,32.31,476617
2008-05-26,32.12,32.75,32.31,0
2008-05-27,32.31,33.06,32.62,744994
2008-05-28,32.69,32.8,32.06,513688
2008-05-29,31.99,33.15,31.48,1015393
2008-05-30,31.49,32.5899,31.9,708265
2008-06-02,31.85,33.98,33.83,786038
2008-06-03,33.94,34.4999,32.61,611585
2008-06-04,32.46,32.7,31.69,356057
2008-06-05,31.73,32.73,32.53,402340
2008-06-06,35.1,39.1,36.11,2401913
2008-06-09,36.85,40.05,39.8,1680405
2008-06-10,39.85,40.0,37.62,1350754
2008-06-11,38.27,38.34,37.62,460787
2008-06-12,37.99,38.0,36.97,513036
2008-06-13,36.85,38.91,38.6,913699
2008-06-16,38.89,40.85,40.18,978009
2008-06-17,40.76,40.8,39.89,1037712
2008-06-18,40.56,40.97,39.99,1113807
2008-06-19,39.85,40.76,39.5,1040056
2008-06-20,40.26,40.26,39.13,1098900
2008-06-23,39.14,39.46,38.81,678284
2008-06-24,38.25,38.5,37.7,633885
2008-06-25,37.26,37.88,36.35,1223186
2008-06-26,35.99,37.0,36.5,519298
2008-06-27,36.48,38.74,38.0,2486914
2008-06-30,38.2,38.94,37.3,510306
2008-07-01,37.29,39.07,38.16,704843
2008-07-02,38.65,38.83,36.33,739713
2008-07-03,36.28,36.66,34.48,473526
2008-07-04,36.28,36.66,34.48,0
2008-07-07,34.6,35.13,33.19,561023
2008-07-08,32.71,33.37,32.27,799231
2008-07-09,32.21,33.77,31.62,469999
2008-07-10,31.52,33.32,33.12,520935
2008-07-11,34.05,34.5,34.14,685810
2008-07-14,34.94,36.72,35.11,503819
2008-07-15,34.79,35.6,34.15,448338
2008-07-16,35.01,37.4,33.51,713750
2008-07-17,33.72,33.73,30.78,884891
2008-07-18,30.82,31.77,30.82,490736
2008-07-21,31.0,31.8,31.66,539660
2008-07-22,31.56,32.14,31.7,718111
2008-07-23,31.6,32.15,30.65,805070
2008-07-24,30.67,31.45,30.1,1117342
2008-07-25,29.84,31.71,31.42,595601
2008-07-28,31.46,32.15,31.45,415712
2008-07-29,31.35,31.35,30.63,1094367
2008-07-30,30.73,33.77,33.44,654760
2008-07-31,32.86,33.44,32.75,726793
2008-08-01,33.25,33.431,32.46,385320
2008-08-04,32.49,32.49,28.76,1251581
2008-08-05,28.8,30.5,29.45,990321
2008-08-06,29.54,31.24,31.01,513071
2008-08-07,31.64,31.71,30.32,462519
2008-08-08,29.62,30.35,29.51,613501
2008-08-11,29.26,29.7,27.07,2405023
2008-08-12,27.07,29.7,29.1,1014438
2008-08-13,29.15,30.9,30.68,736663
2008-08-14,30.68,32.4,31.17,986982
2008-08-15,31.15,33.41,31.64,917350
2008-08-18,31.64,32.38,29.31,701676
2008-08-19,29.5,30.3,30.26,1450140
2008-08-20,30.4,32.775,32.41,1194445
2008-08-21,33.0,34.5,32.93,732084
2008-08-22,32.9,33.78,33.45,653485
2008-08-25,33.45,34.06,32.99,949298
2008-08-26,33.3,34.4899,33.47,560298
2008-08-27,33.84,34.89,33.68,1019735
2008-08-28,33.86,34.62,33.31,574427
2008-08-29,32.81,32.81,32.67,1266651
2008-09-01,32.81,32.81,32.67,0
2008-09-02,31.75,32.0,29.63,1002685
2008-09-03,29.38,30.81,29.44,1758216
2008-09-04,29.34,29.45,27.25,1990037
2008-09-05,27.27,27.63,27.31,831787
2008-09-08,28.0,28.15,26.24,1212929
2008-09-09,26.04,26.2,22.47,1497948
2008-09-10,22.68,25.96,25.37,1439216
2008-09-11,25.16,26.22,25.87,944782
2008-09-12,26.0,27.65,27.46,1104170
2008-09-15,26.9,27.35,24.75,1091468
2008-09-16,24.02,26.41,26.03,987867
2008-09-17,25.8,27.01,24.57,1642913
2008-09-18,25.21,26.69,26.0,1191932
2008-09-19,27.99,30.0,29.89,1540626
2008-09-22,29.8,31.18,30.34,726236
2008-09-23,29.04,31.16,30.54,1226699
2008-09-24,30.99,31.44,29.63,565034
2008-09-25,29.63,30.51,30.35,565136
2008-09-26,29.69,29.95,29.86,593260
2008-09-29,28.2,28.565,24.73,1140832
2008-09-30,25.18,27.75,27.61,1035363
2008-10-01,27.79,27.79,26.12,641758
2008-10-02,25.75,25.75,24.41,1097641
2008-10-03,24.6,27.74,24.92,1022043
2008-10-06,23.52,24.67,24.11,1351173
2008-10-07,24.6,24.99,22.28,878109
2008-10-08,22.05,22.89,20.71,2134276
2008-10-09,21.14,21.82,18.52,944291
2008-10-10,18.0,18.26,16.91,1881627
2008-10-13,18.47,22.24,22.12,1131905
2008-10-14,24.72,25.87,23.4,1431678
2008-10-15,22.35,22.37,19.9,1046388
2008-10-16,20.35,21.6,21.53,1218420
2008-10-17,20.99,25.665,23.25,1512112
2008-10-20,24.03,26.83,26.83,1033793
2008-10-21,26.05,27.4,25.43,905953
2008-10-22,24.59,24.7,21.36,1183197
2008-10-23,21.9,21.99,20.44,1465784
2008-10-24,18.45,20.69,19.87,910412
2008-10-27,19.44,20.97,18.96,711203
2008-10-28,19.65,20.9,20.82,758956
2008-10-29,21.75,22.03,21.3,1310061
2008-10-30,21.9,22.14,21.75,1049355
2008-10-31,21.37,21.82,21.25,1016079
2008-11-03,20.95,21.09,20.42,661155
2008-11-04,20.4,23.31,22.62,1692566
2008-11-05,22.41,23.65,21.74,1661850
2008-11-06,21.37,21.83,21.23,986366
2008-11-07,21.55,24.26,21.97,1914593
2008-11-10,23.08,23.8,22.91,705852
2008-11-11,21.86,22.9988,21.76,465027
2008-11-12,21.64,22.06,21.43,940959
2008-11-13,21.6,24.81,24.8,818678
2008-11-14,24.1,24.73,22.63,1129423
2008-11-17,22.58,23.14,22.17,922431
2008-11-18,22.17,23.25,21.96,862110
2008-11-19,21.74,21.74,19.59,615575
2008-11-20,19.04,19.07,15.18,1012840
2008-11-21,16.0,18.61,18.61,1139943
2008-11-24,18.94,20.93,20.05,999745
2008-11-25,20.04,21.3,20.77,761966
2008-11-26,20.64,23.4,23.37,657542
2008-11-27,20.64,23.4,23.37,0
2008-11-28,23.26,23.72,23.59,188276
2008-12-01,22.58,23.58,21.57,749822
2008-12-02,22.85,22.85,21.99,882556
2008-12-03,21.0,21.96,21.85,670344
2008-12-04,21.06,22.2,18.11,751050
2008-12-05,17.86,18.15,17.21,1704562
2008-12-08,17.6,21.31,19.64,979983
2008-12-09,19.39,21.5,19.85,1076344
2008-12-10,20.06,22.47,21.63,942255
2008-12-11,21.54,23.16,21.41,919735
2008-12-12,20.68,22.52,22.12,607324
2008-12-15,22.58,24.0,23.8,1169104
2008-12-16,23.96,24.05,23.99,1059423
2008-12-17,22.88,23.98,22.64,1258593
2008-12-18,23.0,23.17,20.66,748440
2008-12-19,21.06,22.5684,21.29,1180985
2008-12-22,21.29,21.3,20.07,593059
2008-12-23,20.62,21.41,20.86,476444
2008-12-24,20.62,21.26,20.87,224206
2008-12-25,20.62,21.26,20.87,0
2008-12-26,21.03,22.0,21.91,334993
2008-12-29,21.94,22.5,22.02,508905
2008-12-30,22.13,22.5,22.43,621588
2008-12-31,22.28,23.06,22.82,688809
2009-01-01,22.28,23.06,22.82,0
2009-01-02,22.87,23.22,22.24,1144817
2009-01-05,22.37,24.66,23.96,978206
2009-01-06,24.14,24.92,23.95,817418
2009-01-07,23.15,23.5,22.34,629084
2009-01-08,21.89,22.89,22.09,733067
2009-01-09,22.2,22.93,21.85,937283
2009-01-12,21.43,21.94,20.73,790312
2009-01-13,20.65,22.1,21.44,521078
2009-01-14,21.01,21.51,20.04,369593
2009-01-15,19.99,21.36,21.26,1042365
2009-01-16,21.47,22.19,22.11,682643
2009-01-19,21.47,22.19,22.11,0
2009-01-20,21.69,22.23,19.85,567427
2009-01-21,20.52,21.5,21.32,1123882
2009-01-22,20.85,20.85,20.28,654930
2009-01-23,19.62,22.24,21.7,372498
2009-01-26,21.67,23.47,23.13,542963
2009-01-27,23.15,23.9,22.83,630943
2009-01-28,23.2,24.17,24.02,477089
2009-01-29,23.61,24.97,24.63,879038
2009-01-30,24.86,25.49,25.22,924242
2009-02-02,24.82,25.63,24.49,1003687
2009-02-03,24.6,24.96,24.52,643041
2009-02-04,25.005,25.35,24.65,1050275
2009-02-05,24.52,25.14,24.99,648209
2009-02-06,24.89,26.54,26.35,707301
2009-02-09,26.31,27.34,26.98,713110
2009-02-10,26.65,28.1,25.43,1122615
2009-02-11,25.65,26.0,24.74,539040
2009-02-12,24.34,24.97,24.88,523325
2009-02-13,25.03,26.08,25.32,655230
2009-02-16,25.03,26.08,25.32,0
2009-02-17,24.25,24.4,22.49,575670
2009-02-18,22.69,22.89,21.49,650848
2009-02-19,21.89,22.31,21.68,780945
2009-02-20,21.2,21.88,21.3,428694
2009-02-23,21.61,21.88,20.5,895444
2009-02-24,21.0,21.0,20.67,607893
2009-02-25,20.42,20.6999,20.2,1257031
2009-02-26,20.48,20.9,20.68,1259172
2009-02-27,20.24,20.58,19.95,1506174
2009-03-02,19.35,19.39,17.38,672761
2009-03-03,17.73,18.61,18.25,720636
2009-03-04,18.7,20.16,19.7,862087
2009-03-05,19.21,20.09,19.73,809682
2009-03-06,19.98,20.63,19.82,647764
2009-03-09,19.64,20.52,19.72,604887
2009-03-10,20.35,21.9,21.71,721264
2009-03-11,21.81,22.44,21.46,458389
2009-03-12,21.27,22.6,22.45,1070901
2009-03-13,22.72,23.03,22.61,437304
2009-03-16,22.8,23.44,22.29,531501
2009-03-17,22.03,23.4,23.37,615450
2009-03-18,23.28,23.97,23.91,379072
2009-03-19,24.38,26.86,26.55,1673278
2009-03-20,26.5,27.0,25.13,781185
2009-03-23,26.02,27.1,27.09,751608
2009-03-24,26.26,26.53,25.73,655201
2009-03-25,26.04,27.3,27.27,1149104
2009-03-26,27.46,27.82,27.2,795211
2009-03-27,26.36,26.75,26.3,648007
2009-03-30,25.42,26.17,25.7,868472
2009-03-31,26.0,26.4,25.59,589469
2009-04-01,25.0,26.51,26.2,443334
2009-04-02,26.96,28.41,27.98,1327972
2009-04-03,27.97,28.6,27.96,650137
2009-04-06,27.44,27.44,26.16,628122
2009-04-07,25.65,25.89,24.07,874142
2009-04-08,24.3,25.46,25.24,477220
2009-04-09,26.0,27.21,26.85,621846
2009-04-10,26.0,27.21,26.85,0
2009-04-13,26.46,27.13,27.01,543785
2009-04-14,26.6,27.27,26.94,730155
2009-04-15,26.99,27.55,25.48,714959
2009-04-16,26.2,27.12,26.63,659721
2009-04-17,26.57,28.1,27.7,957226
2009-04-20,27.31,27.31,24.98,720522
2009-04-21,24.93,25.09,24.91,1077470
2009-04-22,24.53,26.27,24.75,788830
2009-04-23,25.0,25.33,24.65,956268
2009-04-24,24.87,25.97,25.56,644217
2009-04-27,24.89,25.95,25.39,499612
2009-04-28,25.08,25.87,25.3,537671
2009-04-29,25.63,26.97,26.88,726344
2009-04-30,26.18,28.09,27.42,1301449
2009-05-01,27.42,28.0,27.57,1221122
2009-05-04,27.79,28.5,28.03,1498750
2009-05-05,28.2,28.2485,27.47,1092568
2009-05-06,27.95,29.5,28.6,1075774
2009-05-07,28.95,31.2,29.01,1913830
2009-05-08,29.62,30.83,30.79,1402568
2009-05-11,30.0,30.45,30.22,774243
2009-05-12,30.53,30.65,30.16,603969
2009-05-13,29.22,29.44,29.0,1247732
2009-05-14,29.05,29.09,28.9,820258
2009-05-15,28.67,28.83,27.72,934654
2009-05-18,28.06,29.51,29.39,691356
2009-05-19,29.11,30.25,29.93,752742
2009-05-20,30.3,31.25,30.12,973132
2009-05-21,29.68,29.68,29.4,1225977
2009-05-22,29.69,29.7,29.13,314975
2009-05-25,29.69,29.7,29.13,0
2009-05-26,28.73,29.86,29.61,560237
2009-05-27,29.48,29.88,29.17,993191
2009-05-28,29.35,30.99,30.8,1459164
2009-05-29,30.83,32.05,32.05,1114064
2009-06-01,32.35,33.31,31.99,1094636
2009-06-02,31.72,32.5599,32.22,963420
2009-06-03,31.98,32.05,30.29,932788
2009-06-04,30.35,30.5,30.37,1783710
2009-06-05,31.06,32.36,31.9,1545717
2009-06-08,31.21,31.6,31.38,1090873
2009-06-09,32.07,32.23,31.9,1339139
2009-06-10,32.68,32.68,32.19,945018
2009-06-11,32.64,33.57,33.21,799056
2009-06-12,32.5,32.5,32.21,1147052
2009-06-15,32.05,32.18,31.53,772987
2009-06-16,32.0,32.29,30.4,677198
2009-06-17,30.31,30.55,29.18,1060500
2009-06-18,29.25,29.45,29.07,771280
2009-06-19,29.48,29.67,29.35,1443868
2009-06-22,28.95,28.95,26.14,1623055
2009-06-23,26.27,26.64,26.51,1154381
2009-06-24,26.73,27.37,27.04,866032
2009-06-25,27.0,28.95,28.5,1310273
2009-06-26,28.4,28.625,27.95,5156799
2009-06-29,28.38,28.99,28.71,997145
2009-06-30,28.32,29.03,28.69,902223
2009-07-01,28.77,29.78,29.65,1266580
2009-07-02,29.06,29.06,28.07,573740
2009-07-03,29.06,29.06,28.07,0
2009-07-06,27.31,27.36,27.26,609914
2009-07-07,27.01,27.47,27.01,542176
2009-07-08,26.77,27.0,25.85,676923
2009-07-09,26.3,27.61,26.71,1189110
2009-07-10,25.97,27.29,26.76,606115
2009-07-13,26.9,27.03,26.99,708191
2009-07-14,27.39,27.84,27.77,555519
2009-07-15,28.63,29.18,29.07,948535
2009-07-16,29.01,29.49,29.2,616170
2009-07-17,29.13,29.65,29.43,453790
2009-07-20,29.78,30.65,30.6,426652
2009-07-21,31.19,31.36,30.4,340827
2009-07-22,29.83,30.85,30.46,315809
2009-07-23,30.36,31.95,31.95,545605
2009-07-24,31.57,32.17,32.06,652714
2009-07-27,31.95,32.43,31.49,633130
2009-07-28,30.79,31.32,30.44,438347
2009-07-29,29.95,30.05,29.3,274840
2009-07-30,29.78,30.6,30.34,316141
2009-07-31,30.11,31.11,30.7,318470
2009-08-03,31.49,33.17,33.04,889657
2009-08-04,33.03,35.2,34.86,2081621
2009-08-05,35.0,35.0,34.58,768956
2009-08-06,34.7,34.85,33.55,1107791
2009-08-07,34.48,34.97,34.43,994135
2009-08-10,33.98,35.27,34.23,663487
2009-08-11,34.1,34.39,34.21,457439
2009-08-12,34.19,34.35,33.96,1034292
2009-08-13,34.77,34.77,33.78,931578
2009-08-14,33.7,33.86,32.69,581454
2009-08-17,32.09,32.11,31.5,318429
2009-08-18,31.5,32.04,32.0,739323
2009-08-19,31.33,32.98,32.93,541971
2009-08-20,33.07,33.53,33.47,525600
2009-08-21,33.74,34.1,34.02,401233
2009-08-24,34.12,34.45,34.12,441431
2009-08-25,34.49,34.5,33.2,533708
2009-08-26,33.09,33.27,33.07,391632
2009-08-27,32.91,33.53,33.33,421584
2009-08-28,33.86,34.0,33.74,251717
2009-08-31,33.11,33.14,32.59,291153
2009-09-01,32.29,32.73,31.25,776069
2009-09-02,31.21,32.34,32.07,541099
2009-09-03,32.4,32.66,32.54,325165
2009-09-04,32.75,33.26,33.0,278423
2009-09-07,32.75,33.26,33.0,0
2009-09-08,33.51,35.09,35.07,1182559
2009-09-09,35.25,36.33,35.98,1097681
2009-09-10,36.04,36.39,36.33,695126
2009-09-11,36.56,37.9,36.79,931410
2009-09-14,36.48,37.0,35.78,627372
2009-09-15,35.99,38.64,38.39,1294046
2009-09-16,38.51,38.7,37.73,1198807
2009-09-17,37.59,37.86,36.96,752209
2009-09-18,37.0,37.1,35.5,1991956
2009-09-21,34.93,36.09,35.95,671001
2009-09-22,36.5,37.73,37.57,660375
2009-09-23,37.42,37.87,37.2,761929
2009-09-24,37.4,37.4,36.46,528947
2009-09-25,35.99,36.39,35.27,735948
2009-09-28,35.35,36.77,36.5,293947
2009-09-29,36.48,36.98,36.24,250701
2009-09-30,36.74,37.12,36.32,408225
2009-10-01,36.06,36.06,34.94,403153
2009-10-02,34.51,35.25,34.84,423310
2009-10-05,34.66,36.79,36.41,555947
2009-10-06,36.63,37.88,37.74,863015
2009-10-07,37.24,38.37,37.87,443597
2009-10-08,38.07,39.6,38.57,676892
2009-10-09,38.38,38.665,38.5,328995
2009-10-12,38.76,39.25,38.11,512503
2009-10-13,38.1,39.62,39.48,478658
2009-10-14,39.99,40.65,40.31,1015612
2009-10-15,40.2,42.19,42.14,1074892
2009-10-16,41.88,43.02,42.12,937217
2009-10-19,42.0,42.24,41.58,884080
2009-10-20,41.62,42.27,41.24,454017
2009-10-21,40.81,41.93,40.96,842499
2009-10-22,41.1,41.1,39.5,1077758
2009-10-23,39.73,39.88,38.9,911891
2009-10-26,39.13,40.02,38.52,953717
2009-10-27,38.58,39.43,38.88,536539
2009-10-28,38.33,38.45,35.7,824980
2009-10-29,35.97,39.42,39.12,1415082
2009-10-30,39.24,39.3,38.11,1703530
2009-11-02,38.31,39.34,38.01,1419905
2009-11-03,37.51,40.25,40.23,1438136
2009-11-04,40.85,41.0,40.23,1011532
2009-11-05,40.33,42.19,41.37,1322606
2009-11-06,41.02,42.16,41.15,807960
2009-11-09,41.55,43.35,43.33,1044208
2009-11-10,43.21,43.9799,42.84,899674
2009-11-11,43.5,43.5,41.44,1210025
2009-11-12,41.45,41.62,41.11,889832
2009-11-13,40.95,41.88,41.4,708693
2009-11-16,42.0,43.14,42.84,416599
2009-11-17,42.65,42.6725,42.39,452480
2009-11-18,42.58,42.58,42.02,454690
2009-11-19,41.58,41.9,41.0,481742
2009-11-20,40.24,41.19,40.64,538973
2009-11-23,42.09,43.49,41.5,728761
2009-11-24,41.88,42.01,41.97,619856
2009-11-25,42.1,43.06,43.0,378597
2009-11-26,42.1,43.06,43.0,0
2009-11-27,40.9,41.45,41.02,553468
2009-11-30,40.81,41.56,40.88,1916924
2009-12-01,41.45,42.83,42.54,458596
2009-12-02,42.33,42.88,41.67,382483
2009-12-03,41.78,42.22,40.92,368669
2009-12-04,41.59,42.6,40.85,443861
2009-12-07,40.51,41.66,41.26,447675
2009-12-08,42.0,42.28,40.8,1024829
2009-12-09,41.12,41.59,40.86,800676
2009-12-10,41.3,41.73,41.48,698404
2009-12-11,41.77,42.03,41.26,670426
2009-12-14,42.5,43.6,43.15,485464
2009-12-15,42.63,44.4,44.2,765156
2009-12-16,44.73,45.08,44.39,442331
2009-12-17,44.33,45.08,44.54,623556
2009-12-18,45.13,45.33,45.12,622967
2009-12-21,45.61,45.81,45.09,481701
2009-12-22,45.08,45.56,44.96,488522
2009-12-23,45.49,46.02,45.87,382869
2009-12-24,46.14,46.3,46.17,169624
2009-12-25,46.14,46.3,46.17,0
2009-12-28,46.51,47.0,45.95,439606
2009-12-29,45.98,46.4,45.72,194794
2009-12-30,45.68,45.89,44.98,171228
2009-12-31,45.25,45.59,44.9,191392
2010-01-01,45.25,45.59,44.9,0
2010-01-04,45.75,47.39,47.39,302449
2010-01-05,45.91,46.66,45.73,1200699
2010-01-06,45.78,46.01,45.93,673383
2010-01-07,45.94,46.14,46.04,502457
2010-01-08,46.04,47.55,46.99,1289519
2010-01-11,47.38,47.64,46.74,799569
2010-01-12,46.0,46.1,44.96,511009
2010-01-13,44.76,44.95,44.37,866904
2010-01-14,44.22,44.92,44.37,594177
2010-01-15,44.35,44.37,44.06,710133
2010-01-18,44.35,44.37,44.06,0
2010-01-19,44.1,45.2,44.91,583281
2010-01-20,44.35,44.67,44.4,399306
2010-01-21,44.67,45.18,43.87,572569
2010-01-22,43.41,43.98,43.25,793623
2010-01-25,44.01,44.56,44.08,606785
2010-01-26,42.65,43.72,42.86,1160616
2010-01-27,43.74,45.22,45.0,6033183
2010-01-28,45.21,45.6,44.98,1099307
2010-01-29,45.21,45.43,44.87,1777577
2010-02-01,45.01,46.31,46.16,822271
2010-02-02,46.54,47.57,47.44,845146
2010-02-03,47.29,47.29,46.38,458377
2010-02-04,46.0,46.0,44.92,1895324
2010-02-05,45.01,45.2,44.27,1284664
2010-02-08,44.35,45.45,44.59,608453
2010-02-09,45.15,46.06,45.58,383814
2010-02-10,45.52,45.755,45.29,783862
2010-02-11,45.0,46.09,46.0,413849
2010-02-12,45.15,45.65,45.41,905940
2010-02-15,45.15,45.65,45.41,0
2010-02-16,46.42,46.81,46.68,1221386
2010-02-17,47.17,47.62,46.96,544119
2010-02-18,46.81,47.53,47.52,366463
2010-02-19,47.16,48.31,47.75,689390
2010-02-22,47.47,47.62,45.76,866130
2010-02-23,45.69,45.88,45.16,532484
2010-02-24,45.1,45.91,45.48,579274
2010-02-25,45.92,46.84,46.79,1190044
2010-02-26,47.0,47.16,46.45,820690
2010-03-01,46.86,48.13,48.03,937642
2010-03-02,48.18,49.43,49.05,1382544
2010-03-03,49.43,49.84,49.65,1013935
2010-03-04,49.91,50.265,48.77,749011
2010-03-05,49.48,50.12,50.04,665507
2010-03-08,49.95,50.14,48.45,1243233
2010-03-09,48.2,49.9,49.55,996490
2010-03-10,49.5,49.94,49.53,726216
2010-03-11,49.58,50.46,50.2,894430
2010-03-12,50.8,50.86,50.16,843319
2010-03-15,50.17,50.58,50.14,1142343
2010-03-16,50.43,50.45,50.17,654030
2010-03-17,50.49,51.62,51.34,1006921
2010-03-18,51.22,51.22,48.37,1655615
2010-03-19,48.4,48.82,48.16,1217310
2010-03-22,47.35,49.2398,48.93,1084733
2010-03-23,49.19,49.96,49.76,829401
2010-03-24,49.2,49.99,49.77,728235
2010-03-25,50.07,50.5,48.36,981499
2010-03-26,49.02,49.21,48.26,746809
2010-03-29,48.42,49.79,49.7,647817
2010-03-30,49.7,49.9599,49.77,433566
2010-03-31,49.72,51.03,50.36,642290
2010-04-01,51.21,52.2,52.17,637968
2010-04-02,51.21,52.2,52.17,0
2010-04-05,53.5,54.07,53.55,1107155
2010-04-06,53.32,54.0,53.19,818307
2010-04-07,53.19,54.67,54.05,866431
2010-04-08,53.42,53.83,53.61,931668
2010-04-09,53.99,54.67,54.64,629598
2010-04-12,54.74,54.74,53.45,594945
2010-04-13,53.08,53.89,53.47,746151
2010-04-14,53.96,54.69,54.57,431071
2010-04-15,54.7,55.54,55.28,773316
2010-04-16,54.82,55.41,53.92,1059201
2010-04-19,53.37,53.84,53.39,889941
2010-04-20,53.93,54.62,54.38,772370
2010-04-21,54.68,54.68,53.8,797784
2010-04-22,53.34,54.84,54.57,695012
2010-04-23,54.76,56.64,56.54,1012736
2010-04-26,56.23,57.7,56.79,619936
2010-04-27,56.1,56.23,54.45,1015825
2010-04-28,54.55,54.74,53.97,1054476
2010-04-29,54.35,55.12,54.7,849779
2010-04-30,54.61,57.78,56.82,1216089
2010-05-03,56.88,59.72,58.87,978950
2010-05-04,57.77,58.21,57.14,920449
2010-05-05,55.96,56.73,54.48,1593197
2010-05-06,55.78,56.39,51.18,2513253
2010-05-07,51.1,55.435,49.05,2813056
2010-05-10,51.85,53.75,53.73,1909304
2010-05-11,52.83,54.77,53.84,1285455
2010-05-12,53.8,55.78,55.4,879756
2010-05-13,55.48,57.0,55.71,735874
2010-05-14,55.02,55.07,54.07,1294236
2010-05-17,54.15,54.36,51.25,1987803
2010-05-18,51.84,52.99,51.59,1437396
2010-05-19,50.5,51.5,50.39,1216131
2010-05-20,48.17,48.96,46.88,1978539
2010-05-21,45.85,48.72,48.0,1742016
2010-05-24,47.79,48.58,46.88,622281
2010-05-25,45.02,47.54,47.42,1291361
2010-05-26,48.57,49.75,48.8,1490232
2010-05-27,50.26,51.86,51.81,1165732
2010-05-28,51.79,52.83,52.05,1196820
2010-05-31,51.79,52.83,52.05,0
2010-06-01,51.48,54.16,51.92,2848342
2010-06-02,52.9,57.86,57.18,3404867
2010-06-03,57.8,59.68,59.57,2202485
2010-06-04,57.33,58.56,54.25,2541828
2010-06-07,53.39,55.82,53.42,1386637
2010-06-08,54.92,55.14,54.92,1314878
2010-06-09,56.0,57.8399,55.1,1662148
2010-06-10,56.72,58.35,58.1,954148
2010-06-11,57.18,59.05,58.84,839325
2010-06-14,59.93,61.65,59.7,1834190
2010-06-15,60.49,61.08,60.96,1051951
2010-06-16,60.57,61.29,60.58,917363
2010-06-17,60.6,61.1,59.61,803534
2010-06-18,59.48,59.75,59.61,908339
2010-06-21,60.76,61.15,58.72,588332
2010-06-22,58.19,58.86,57.28,1012627
2010-06-23,57.08,57.19,56.84,1274370
2010-06-24,56.42,57.45,56.15,1089003
2010-06-25,56.35,59.99,59.1,3871898
2010-06-28,59.1,59.8,58.43,1272418
2010-06-29,57.31,57.71,55.62,1472167
2010-06-30,55.31,56.9,55.33,937460
2010-07-01,54.88,55.75,54.03,1937415
2010-07-02,54.25,55.14,53.9,1645560
2010-07-05,54.25,55.14,53.9,0
2010-07-06,54.55,55.58,54.0,1527731
2010-07-07,54.38,55.78,55.78,1199643
2010-07-08,56.21,56.38,55.1,1851400
2010-07-09,54.99,55.14,54.64,1332172
2010-07-12,54.37,55.14,54.18,472899
2010-07-13,54.69,55.73,55.1,532611
2010-07-14,54.79,56.14,55.19,679307
2010-07-15,55.2,55.33,54.98,663364
2010-07-16,54.17,54.5599,53.07,859575
2010-07-19,53.49,53.89,53.29,473172
2010-07-20,52.47,57.49,57.29,2380304
2010-07-21,57.24,57.82,57.05,1350782
2010-07-22,57.71,58.97,57.7,1201913
2010-07-23,57.95,61.089,60.94,1648656
2010-07-26,61.24,61.98,61.16,629894
2010-07-27,61.8,62.0,60.04,589260
2010-07-28,59.86,61.15,60.48,745725
2010-07-29,61.21,62.22,60.89,817966
2010-07-30,59.9,60.36,59.98,1305844
2010-08-02,61.25,62.29,62.11,1634840
2010-08-03,62.11,63.18,62.36,544262
2010-08-04,63.0,63.49,62.25,998521
2010-08-05,61.5,62.7,62.39,985068
2010-08-06,61.9,63.12,63.08,754542
2010-08-09,63.46,63.74,63.19,531969
2010-08-10,62.58,62.945,62.57,646578
2010-08-11,61.77,61.77,59.8,893041
2010-08-12,59.02,61.43,60.53,1088495
2010-08-13,60.7,61.37,60.6,638847
2010-08-16,60.58,60.92,60.27,393892
2010-08-17,60.88,62.67,62.38,953007
2010-08-18,62.04,62.5,61.27,657423
2010-08-19,60.67,61.49,60.56,514848
2010-08-20,60.25,60.665,60.56,549790
2010-08-23,60.75,62.45,61.16,834773
2010-08-24,60.07,61.115,59.39,703979
2010-08-25,58.91,59.035,58.0,975693
2010-08-26,58.65,59.47,57.64,846472
2010-08-27,57.96,58.95,58.69,828906
2010-08-30,58.53,59.1699,58.62,536210
2010-08-31,58.15,59.35,58.42,453283
2010-09-01,59.93,62.25,61.62,768317
2010-09-02,61.67,62.64,62.45,538313
2010-09-03,63.12,64.3,64.16,619203
2010-09-06,63.12,64.3,64.16,0
2010-09-07,63.56,64.07,63.35,442541
2010-09-08,63.3,64.4499,64.15,794787
2010-09-09,64.82,65.0,63.36,474546
2010-09-10,63.39,64.65,63.8,521120
2010-09-13,64.69,66.15,65.95,964580
2010-09-14,65.88,66.32,65.01,458859
2010-09-15,64.39,65.01,64.8,486971
2010-09-16,63.41,64.58,64.21,458344
2010-09-17,64.44,64.66,63.16,981648
2010-09-20,63.31,64.87,64.58,588013
2010-09-21,64.76,65.0,64.49,470249
2010-09-22,64.57,65.1,62.62,882179
2010-09-23,62.21,63.4,62.84,574546
2010-09-24,63.47,65.04,64.45,518871
2010-09-27,64.59,64.68,63.24,433974
2010-09-28,62.95,64.45,64.26,663394
2010-09-29,64.24,65.7099,65.64,1034551
2010-09-30,66.25,66.49,66.17,632217
2010-10-01,66.68,67.8,67.49,741518
2010-10-04,67.32,67.47,67.23,686936
2010-10-05,67.96,69.07,68.9,1436931
2010-10-06,68.78,69.4101,69.24,945915
2010-10-07,69.75,70.0,67.88,901096
2010-10-08,67.25,69.25,68.54,964561
2010-10-11,68.54,69.9,68.78,679678
2010-10-12,68.18,68.45,68.26,733288
2010-10-13,68.87,70.13,69.76,942517
2010-10-14,69.72,70.12,69.15,474079
2010-10-15,69.56,70.1,69.25,996630
2010-10-18,69.28,70.2,69.39,607256
2010-10-19,68.31,68.49,66.98,903012
2010-10-20,67.15,68.03,67.57,640171
2010-10-21,67.76,68.3912,67.52,562471
2010-10-22,67.78,68.57,68.32,379196
2010-10-25,68.92,69.6,68.33,649360
2010-10-26,67.76,69.55,68.44,730517
2010-10-27,67.8,68.6,68.55,462427
2010-10-28,68.96,69.195,68.49,300849
2010-10-29,68.16,68.99,68.67,506515
2010-11-01,69.5,70.244,69.96,622465
2010-11-02,70.38,71.81,71.46,528334
2010-11-03,71.66,72.23,71.86,895866
2010-11-04,72.82,77.01,76.97,1819356
2010-11-05,76.89,77.71,76.92,1387339
2010-11-08,76.34,77.79,77.73,843487
2010-11-09,77.96,79.58,77.91,1071142
2010-11-10,78.18,78.25,78.1,1114541
2010-11-11,77.5,80.07,80.05,1043525
2010-11-12,79.18,79.31,76.2,1265262
2010-11-15,76.58,76.95,75.16,970390
2010-11-16,74.49,75.86,75.64,1105033
2010-11-17,75.56,76.82,76.17,791300
2010-11-18,77.22,78.11,77.47,720389
2010-11-19,77.0,79.01,78.91,574498
2010-11-22,78.72,79.939,79.58,780400
2010-11-23,78.36,78.8,78.53,742686
2010-11-24,79.38,81.15,81.14,911134
2010-11-25,79.38,81.15,81.14,0
2010-11-26,80.49,81.95,81.11,634715
2010-11-29,80.75,82.57,82.38,1234216
2010-11-30,82.77,83.43,82.75,4481496
2010-12-01,83.96,84.0,83.45,1332157
2010-12-02,83.45,85.63,85.33,1105866
2010-12-03,85.28,86.46,85.91,892976
2010-12-06,86.2,87.29,87.01,1152055
2010-12-07,87.19,88.15,86.86,1329243
2010-12-08,85.32,85.32,82.8,3294767
2010-12-09,85.06,85.89,84.76,2713098
2010-12-10,85.3,85.39,83.64,954118
2010-12-13,84.49,85.21,82.81,1150874
2010-12-14,83.02,84.36,83.07,721083
2010-12-15,82.66,84.38,84.06,1255612
2010-12-16,84.05,84.73,84.14,1022192
2010-12-17,84.05,85.05,84.71,1943369
2010-12-20,86.21,88.2358,86.42,807814
2010-12-21,86.48,88.61,88.43,630640
2010-12-22,88.47,89.87,88.08,544568
2010-12-23,88.0,88.52,87.15,353120
2010-12-24,88.0,88.52,87.15,0
2010-12-27,87.83,87.83,86.88,582196
2010-12-28,87.92,87.92,87.42,400668
2010-12-29,87.64,88.09,87.68,414174
2010-12-30,87.57,88.56,87.2,475196
2010-12-31,87.2,87.76,87.67,333018
2011-01-03,89.21,90.3,88.91,1132641
2011-01-04,89.95,90.09,88.01,754076
2011-01-05,87.0,87.14,86.51,1074818
2011-01-06,86.74,87.348,85.5,711902
2011-01-07,84.63,86.35,86.3,925690
2011-01-10,86.18,87.5,87.32,574151
2011-01-11,88.57,90.91,88.65,1145323
2011-01-12,89.85,92.25,91.75,1362426
2011-01-13,92.02,93.45,91.97,974644
2011-01-14,92.5,94.24,94.11,997632
2011-01-17,92.5,94.24,94.11,0
2011-01-18,94.5,95.39,95.02,726589
2011-01-19,95.345,96.1288,92.45,947937
2011-01-20,91.41,91.93,90.0,1491531
2011-01-21,91.1,91.87,90.11,924069
2011-01-24,89.89,89.89,89.11,701575
2011-01-25,88.29,88.62,86.98,1325387
2011-01-26,87.56,90.89,90.32,1462427
2011-01-27,90.55,90.99,87.65,1459975
2011-01-28,88.04,91.78,91.25,1555643
2011-01-31,91.17,96.54,96.25,2064585
2011-02-01,96.49,98.83,96.0,1394169
2011-02-02,95.84,98.75,96.41,746546
2011-02-03,96.27,97.41,96.51,770549
2011-02-04,96.23,96.89,95.62,902725
2011-02-07,96.05,97.7,96.02,912009
2011-02-08,96.57,97.25,97.09,918216
2011-02-09,96.53,99.1,97.32,1227950
2011-02-10,96.83,98.54,98.45,622193
2011-02-11,98.36,99.385,99.03,862495
2011-02-14,99.33,102.18,100.96,881119
2011-02-15,101.42,102.99,101.71,988039
2011-02-16,102.1,104.5,104.34,904326
2011-02-17,103.92,105.66,105.23,722720
2011-02-18,105.25,106.4999,105.52,685287
2011-02-21,105.25,106.4999,105.52,0
2011-02-22,106.33,108.91,106.92,1154838
2011-02-23,106.69,109.24,108.2,1185016
2011-02-24,106.71,108.98,107.53,1249539
2011-02-25,107.73,109.84,109.79,916931
2011-02-28,110.08,110.89,106.52,2223168
2011-03-01,107.43,107.65,106.53,953773
2011-03-02,106.24,108.41,108.3,688989
2011-03-03,108.32,109.5,108.49,525864
2011-03-04,108.79,109.5,108.85,599545
2011-03-07,109.15,110.2,108.58,534179
2011-03-08,108.59,108.59,104.64,1143152
2011-03-09,101.3,103.95,101.67,1247015
2011-03-10,100.54,101.9,100.36,1384028
2011-03-11,99.0,105.05,101.06,839693
2011-03-14,99.1,102.6,102.5,821474
2011-03-15,98.18,103.93,102.88,1080920
2011-03-16,103.47,105.54,101.89,1278207
2011-03-17,103.12,105.81,104.81,716232
2011-03-18,105.65,105.88,104.31,1330418
2011-03-21,105.34,109.28,108.33,762711
2011-03-22,109.25,109.55,108.16,1210609
2011-03-23,105.9901,107.59,104.66,1568236
2011-03-24,104.935,105.57,105.4,994770
2011-03-25,105.32,106.25,105.86,707361
2011-03-28,105.78,106.71,104.35,806375
2011-03-29,103.66,107.07,106.34,1093589
2011-03-30,107.27,108.64,106.78,618564
2011-03-31,107.31,108.17,107.3,967209
2011-04-01,107.65,108.9855,107.3,1132060
2011-04-04,107.5,109.95,109.4,1056736
2011-04-05,109.45,109.88,106.99,927345
2011-04-06,107.66,108.09,104.7,788896
2011-04-07,104.74,106.01,104.32,795212
2011-04-08,105.04,107.0,106.19,797812
2011-04-11,107.13,107.13,103.08,1362539
2011-04-12,103.08,104.1,98.85,2517639
2011-04-13,99.57,101.3,98.9,1536625
2011-04-14,98.6,100.67,100.09,1164746
2011-04-15,99.85,102.14,102.1,971319
2011-04-18,100.13,101.21,100.31,1143485
2011-04-19,100.38,102.27,101.89,867975
2011-04-20,103.08,105.2,104.87,1009297
2011-04-21,105.4,105.95,105.29,568387
2011-04-22,105.4,105.95,105.29,0
2011-04-25,105.0,106.105,105.7,810416
2011-04-26,105.73,106.6,106.15,801703
2011-04-27,106.73,106.73,105.96,700863
2011-04-28,105.61,106.86,105.89,833604
2011-04-29,105.53,107.23,106.85,946859
2011-05-02,106.87,107.28,104.2,903741
2011-05-03,103.62,103.62,100.5,990246
2011-05-04,100.0,100.38,97.53,2240626
2011-05-05,91.3,96.8,94.0,3672280
2011-05-06,94.55,97.05,94.34,1478134
2011-05-09,93.85,97.0,96.02,858392
2011-05-10,95.98,96.99,96.36,614239
2011-05-11,96.0,96.155,92.46,1433861
2011-05-12,92.0,92.73,91.92,1436030
2011-05-13,89.79,91.59,90.53,1229711
2011-05-16,90.45,92.22,89.66,1281467
2011-05-17,88.89,90.91,90.72,1394714
2011-05-18,90.83,93.62,92.53,845935
2011-05-19,92.83,93.8383,91.72,724567
2011-05-20,91.33,92.09,91.38,1004270
2011-05-23,89.57,89.82,88.86,971825
2011-05-24,89.77,91.7,90.45,1117321
2011-05-25,89.96,94.285,93.71,1277099
2011-05-26,93.93,94.5899,94.16,954001
2011-05-27,96.16,97.32,95.13,1073402
2011-05-30,96.16,97.32,95.13,0
2011-05-31,96.85,96.92,94.61,1348087
2011-06-01,94.1,95.32,91.89,844246
2011-06-02,92.14,93.7,91.34,934478
2011-06-03,90.17,91.8771,91.17,802832
2011-06-06,91.05,91.45,89.02,1102397
2011-06-07,90.04,90.42,87.93,1286093
2011-06-08,88.12,89.64,87.23,659536
2011-06-09,88.99,89.84,89.62,1292530
2011-06-10,88.88,89.58,88.2,969002
2011-06-13,87.8,89.11,86.54,1125395
2011-06-14,87.36,89.2,88.05,741059
2011-06-15,87.03,88.25,86.32,758995
2011-06-16,86.44,87.1,85.27,1456653
2011-06-17,85.52,86.54,84.79,1193514
2011-06-20,84.68,85.4,84.65,598157
2011-06-21,84.91,87.34,86.91,831155
2011-06-22,86.54,88.4,86.84,651735
2011-06-23,84.79,86.32,86.17,734923
2011-06-24,86.51,86.86,85.73,1055635
2011-06-27,85.33,85.81,85.31,829007
2011-06-28,85.88,89.48,88.95,771186
2011-06-29,89.15,90.8,90.45,856475
2011-06-30,90.95,92.3299,91.85,776531
2011-07-01,91.44,91.89,91.81,612714
2011-07-04,91.44,91.89,91.81,0
2011-07-05,91.35,94.0,93.82,879591
2011-07-06,93.7,93.7,92.6,612012
2011-07-07,94.0,95.95,95.72,878962
2011-07-08,94.2,94.87,94.09,677072
2011-07-11,92.68,93.07,91.16,400125
2011-07-12,90.55,91.44,90.87,772463
2011-07-13,90.99,92.84,91.35,541836
2011-07-14,92.4,92.9,89.94,389841
2011-07-15,91.14,95.4,95.4,846359
2011-07-18,94.9,95.38,94.52,523647
2011-07-19,95.5,96.79,95.31,611853
2011-07-20,95.77,97.85,97.56,910677
2011-07-21,98.0,99.47,96.98,686976
2011-07-22,97.06,98.04,97.88,415273
2011-07-25,96.71,98.04,96.84,370159
2011-07-26,96.58,97.48,96.23,653751
2011-07-27,95.42,95.65,94.12,697758
2011-07-28,94.08,95.11,94.62,937325
2011-07-29,93.02,94.22,93.58,859042
2011-08-01,95.34,96.26,94.05,944547
2011-08-02,93.39,94.3,91.81,992155
2011-08-03,92.37,92.95,92.72,1221999
2011-08-04,91.29,92.21,86.43,1724179
2011-08-05,87.08,88.2,82.87,2254631
2011-08-08,79.65,79.83,74.5,1416144
2011-08-09,76.55,79.07,79.07,1515612
2011-08-10,78.21,85.04,80.98,2147141
2011-08-11,82.99,86.84,85.59,1296709
2011-08-12,86.49,87.36,84.1,958887
2011-08-15,85.46,87.59,87.52,1077697
2011-08-16,86.29,86.34,84.26,1330333
2011-08-17,85.3,87.84,85.3,787723
2011-08-18,83.59,83.59,82.27,1686590
2011-08-19,81.69,84.15,82.28,1950823
2011-08-22,84.88,84.92,80.89,1434133
2011-08-23,81.23,82.97,82.96,1241930
2011-08-24,82.81,84.05,83.69,855711
2011-08-25,84.5,85.36,81.48,1023776
2011-08-26,81.11,82.69,82.24,1395286
2011-08-29,84.02,85.59,85.59,611570
2011-08-30,85.19,86.59,86.11,668162
2011-08-31,87.06,89.37,86.95,991915
2011-09-01,87.65,88.6,87.02,961983
2011-09-02,84.87,86.27,85.59,895819
2011-09-05,84.87,86.27,85.59,0
2011-09-06,82.93,84.97,84.78,833294
2011-09-07,86.53,89.13,88.94,908687
2011-09-08,88.04,89.68,86.93,561744
2011-09-09,86.13,86.75,83.61,611939
2011-09-12,82.35,83.96,82.78,738089
2011-09-13,83.25,83.41,83.01,960564
2011-09-14,83.09,85.74,85.25,743197
2011-09-15,85.94,87.23,87.01,1034796
2011-09-16,87.51,89.41,88.71,1414721
2011-09-19,86.61,86.95,85.79,1011525
2011-09-20,86.87,88.69,87.02,1048995
2011-09-21,86.51,87.42,82.57,1218715
2011-09-22,79.76,80.14,76.41,1168001
2011-09-23,76.03,76.96,75.21,616831
2011-09-26,75.46,78.84,78.6,782952
2011-09-27,80.86,82.8,78.72,833761
2011-09-28,79.14,79.5,74.28,896557
2011-09-29,76.42,76.82300000000001,74.19,749303
2011-09-30,72.58,73.73,71.14,907158
2011-10-03,70.44,71.0,67.25,1435145
2011-10-04,64.2101,69.85,69.75,1506730
2011-10-05,69.71,73.69,73.14,910272
2011-10-06,71.9,77.57,77.05,1360169
2011-10-07,77.4,77.4,75.35,846121
2011-10-10,77.3,80.39,80.39,819394
2011-10-11,79.3,80.4,78.48,735808
2011-10-12,79.24,80.1,77.98,871277
2011-10-13,77.16,79.47,79.16,768374
2011-10-14,80.4,84.09,83.83,819889
2011-10-17,83.66,84.47,81.47,1049957
2011-10-18,81.21,85.55,85.08,1318359
2011-10-19,84.37,86.85,86.11,1320197
2011-10-20,85.55,86.88,86.54,927583
2011-10-21,87.6,89.7,89.15,896643
2011-10-24,89.69,91.9,91.61,749575
2011-10-25,91.71,92.12,88.93,781816
2011-10-26,90.64,92.69,92.19,1023388
2011-10-27,95.65,99.6,96.1,1100004
2011-10-28,96.45,100.27,99.87,1483019
2011-10-31,98.19,98.19,94.72,1090754
2011-11-01,91.99,94.12,92.36,1066734
2011-11-02,94.63,96.36,96.06,928564
2011-11-03,97.05,99.5,99.49,2031343
2011-11-04,98.48,99.4,98.02,1298686
2011-11-07,98.45,99.3699,98.3,1011107
2011-11-08,99.0,100.8,99.6,1161633
2011-11-09,96.49,98.58,95.17,983836
2011-11-10,95.5,97.615,96.76,847966
2011-11-11,96.02,98.47,97.38,1043074
2011-11-14,97.75,98.2,96.57,569290
2011-11-15,96.5,97.76,97.07,486195
2011-11-16,96.68,101.97,98.58,1232015
2011-11-17,98.13,99.49,95.59,990987
2011-11-18,96.53,97.22,95.27,680732
2011-11-21,93.46,94.89,94.42,651607
2011-11-22,94.29,95.61,92.92,866548
2011-11-23,91.28,92.22,90.64,939650
2011-11-24,90.64,90.64,90.64,0
2011-11-25,91.02,91.88,90.43,225525
2011-11-28,94.32,95.04,94.45,655292
2011-11-29,94.85,97.04,96.57,631057
2011-11-30,99.74,103.14,101.62,1392285
2011-12-01,101.0,103.05,101.51,835569
2011-12-02,102.99,105.66,102.38,1068591
2011-12-05,103.69,104.61,102.9,1093473
2011-12-06,102.54,103.8,103.1,699200
2011-12-07,102.66,103.17,102.52,796983
2011-12-08,101.73,102.34,98.56,738496
2011-12-09,98.81,100.92,100.58,553771
2011-12-12,98.76,99.15,98.27,893677
2011-12-13,99.48,101.0,96.89,804167
2011-12-14,95.58,96.52,91.4,1472505
2011-12-15,92.5,92.89,90.99,828644
2011-12-16,91.71,93.65,93.48,622244
2011-12-19,93.41,94.25,90.93,517883
2011-12-20,92.49,94.46,93.64,887994
2011-12-21,93.7,94.0559,93.17,712737
2011-12-22,93.85,95.66,95.09,593068
2011-12-23,95.38,95.51,93.82,437578
2011-12-26,93.82,93.82,93.82,0
2011-12-27,93.96,95.39,95.07,467521
2011-12-28,94.83,95.31,92.99,422723
2011-12-29,93.39,93.74,93.57,437563
2011-12-30,93.48,94.31,93.75,577707
2012-01-02,93.75,93.75,93.75,0
2012-01-03,96.85,98.08,97.48,848709
2012-01-04,98.01,102.58,102.09,1338499
2012-01-05,101.74,102.75,101.91,803388
2012-01-06,102.06,102.5953,101.03,473079
2012-01-09,101.31,101.5,100.97,544467
2012-01-10,102.96,104.83,102.41,843201
2012-01-11,101.66,102.17,101.37,627458
2012-01-12,102.11,102.11,100.97,694247
2012-01-13,100.1,101.11,99.69,572056
2012-01-16,99.69,99.69,99.69,0
2012-01-17,100.88,101.64299999999999,100.92,706182
2012-01-18,101.33,102.17,100.94,738368
2012-01-19,101.62,101.62,100.74,820124
2012-01-20,100.41,100.41,100.25,600598
2012-01-23,100.52,102.75,101.94,970479
2012-01-24,101.02,102.21,102.02,880310
2012-01-25,102.01,107.66,107.63,2813429
2012-01-26,108.99,109.55,106.25,1202824
2012-01-27,105.33,107.24,106.6,608007
2012-01-30,105.02,106.19,105.68,465950
2012-01-31,106.83,107.27,106.66,727514
2012-02-01,107.4,108.6,107.39,1032575
2012-02-02,107.79,108.69,108.48,1229481
2012-02-03,110.23,110.23,108.49,1018986
2012-02-06,107.72,109.95,109.73,793912
2012-02-07,109.46,113.02,112.33,1276863
2012-02-08,112.24,112.63,111.02,1031804
2012-02-09,111.34,113.88,112.65,956532
2012-02-10,111.1,111.76,110.73,722832
2012-02-13,112.12,112.34,111.13,613492
2012-02-14,111.24,113.48,112.68,808068
2012-02-15,113.0,115.43,112.9,1080851
2012-02-16,112.68,115.95,115.65,967375
2012-02-17,116.82,116.82,114.75,887291
2012-02-20,114.75,114.75,114.75,0
2012-02-21,115.48,116.0,115.84,1078776
2012-02-22,116.3,116.79,116.0,997859
2012-02-23,111.42,113.516,112.25,2342986
2012-02-24,112.395,114.28,113.43,1010513
2012-02-27,112.64,114.82,112.96,955440
2012-02-28,111.97,112.48,109.55,1432417
2012-02-29,109.6,109.73,106.84,1371074
2012-03-01,107.41,109.88,109.78,1197282
2012-03-02,109.35,109.61,106.89,697449
2012-03-05,106.01,106.6,104.24,1121466
2012-03-06,102.38,103.16,102.76,1076916
2012-03-07,102.12,102.95,102.52,915399
2012-03-08,103.69,104.62,103.65,496178
2012-03-09,103.58,104.74,102.64,718296
2012-03-12,102.42,102.47,99.69,1406955
2012-03-13,100.1,100.1,99.34,1620263
2012-03-14,99.36,101.64,99.82,1417631
2012-03-15,100.24,100.82,99.67,1045086
2012-03-16,100.25,102.3,101.74,1154817
2012-03-19,101.08,104.398,103.59,857296
2012-03-20,102.28,102.3175,100.13,1106960
2012-03-21,99.55,101.81,101.36,1112029
2012-03-22,99.88,99.95,97.29,1461304
2012-03-23,97.5,100.26,99.92,1274878
2012-03-26,100.32,103.22,103.01,1390901
2012-03-27,102.74,103.9,101.39,1397848
2012-03-28,100.56,101.14,100.46,1069933
2012-03-29,99.97,100.88,99.52,766250
2012-03-30,100.58,102.93,102.08,894423
2012-04-02,103.13,104.12,103.76,1375554
2012-04-03,103.44,104.14,102.81,860066
2012-04-04,101.14,101.82,100.92,737003
2012-04-05,100.13,102.06,99.34,645480
2012-04-06,99.34,99.34,99.34,0
2012-04-09,97.76,98.86,97.84,747278
2012-04-10,97.94,98.83,96.29,740309
2012-04-11,97.57,97.77,95.21,621085
2012-04-12,95.19,99.09,98.7,649190
2012-04-13,98.06,98.48,97.54,486104
2012-04-16,98.31,100.05,96.91,769321
2012-04-17,97.93,99.37,97.58,870051
2012-04-18,97.09,98.56,97.83,829847
2012-04-19,98.0,99.78,99.63,1013066
2012-04-20,100.65,101.24,98.17,745780
2012-04-23,96.61,99.94,99.17,698058
2012-04-24,99.66,100.13,98.7,575893
2012-04-25,99.5,104.65,104.2,900670
2012-04-26,103.85,109.25,107.11,1044165
2012-04-27,107.12,108.31,108.2,562781
2012-04-30,108.0,108.0,107.18,790684
2012-05-01,107.49,108.67,107.1,567242
2012-05-02,105.69,107.26,105.23,1016283
2012-05-03,103.98,103.99,99.5,2458197
2012-05-04,99.3,99.43,96.32,1456194
2012-05-07,95.52,96.36,93.25,1229255
2012-05-08,92.4,92.45,92.12,1257227
2012-05-09,90.43,90.75,90.07,2165420
2012-05-10,91.19,92.59,91.32,1345733
2012-05-11,89.74,91.85,89.17,1060424
2012-05-14,90.02,94.0,92.02,3101469
2012-05-15,92.34,93.09,89.61,1203370
2012-05-16,89.92,91.25,88.5,1072831
2012-05-17,88.97,90.0,86.49,920350
2012-05-18,86.93,88.12,85.9,959948
2012-05-21,86.71,90.51,90.26,799640
2012-05-22,91.43,93.17,89.64,1069478
2012-05-23,88.39,90.66,89.64,596653
2012-05-24,90.61,90.61,88.85,1121562
2012-05-25,88.92,90.36,89.67,639124
2012-05-28,89.67,89.67,89.67,0
2012-05-29,90.95,94.05,93.58,1040778
2012-05-30,91.62,91.62,88.05,863554
2012-05-31,88.35,88.52,87.74,993433
2012-06-01,86.36,86.36,83.78,1554639
2012-06-04,84.31,85.06,85.01,1044063
2012-06-05,85.01,87.73,87.45,763756
2012-06-06,89.41,91.69,91.65,1020844
2012-06-07,93.36,94.43,91.98,890626
2012-06-08,90.48,92.425,92.26,822501
2012-06-11,93.67,94.14,88.17,1138348
2012-06-12,88.84,91.29,90.76,1073006
2012-06-13,89.68,91.79,89.68,772332
2012-06-14,90.1,92.075,89.77,956308
2012-06-15,90.1,91.25,91.14,896893
2012-06-18,90.17,90.47,88.86,1722934
2012-06-19,90.06,90.08,89.37,1466229
2012-06-20,89.37,90.12899999999999,86.12,3896663
2012-06-21,86.23,86.29,79.86,2182375
2012-06-22,80.21,82.23,81.08,1626076
2012-06-25,81.47,81.47,78.48,1629765
2012-06-26,78.04,81.34,81.02,1749416
2012-06-27,80.85,82.7,82.51,1083692
2012-06-28,81.59,84.18,81.2,1965119
2012-06-29,84.41,85.16,85.12,1658042
2012-07-02,85.7,86.67,85.06,1193900
2012-07-03,86.85,89.16,89.16,698029
2012-07-04,89.16,89.16,89.16,0
2012-07-05,88.64,89.14,87.36,705490
2012-07-06,85.75,86.28,84.39,937290
2012-07-09,84.04,85.16,84.35,761161
2012-07-10,84.62,85.21,82.92,1007304
2012-07-11,83.3,84.13,83.7,779049
2012-07-12,82.3,84.61,83.79,1039112
2012-07-13,83.92,85.26,83.98,942997
2012-07-16,83.79,86.74,86.07,955067
2012-07-17,86.87,89.65,89.24,1042124
2012-07-18,88.57,91.22,89.14,1228584
2012-07-19,89.96,91.35,90.17,1378926
2012-07-20,88.77,89.64,88.94,713955
2012-07-23,86.71,87.4668,84.66,1766268
2012-07-24,84.97,85.46,81.9,1520076
2012-07-25,82.49,82.77,82.33,685315
2012-07-26,83.93,84.12,82.86,1327530
2012-07-27,83.97,87.07,86.4,1423975
2012-07-30,86.41,86.6525,85.63,1025071
2012-07-31,87.47,89.45,85.25,1804521
2012-08-01,85.94,87.87,87.58,1040178
2012-08-02,85.83,87.95,86.64,1229751
2012-08-03,88.62,91.01,88.77,823390
2012-08-06,88.34,90.01,89.17,801227
2012-08-07,87.62,94.9,93.02,1999284
2012-08-08,92.57,94.96,92.94,971702
2012-08-09,92.82,94.448,93.83,538652
2012-08-10,92.29,95.21,95.21,556804
2012-08-13,94.86,95.72,93.8,490425
2012-08-14,93.62,95.94,95.08,761446
2012-08-15,94.78,96.5,96.25,479581
2012-08-16,96.2,97.49,97.0,616151
2012-08-17,97.11,97.26,96.34,412782
2012-08-20,96.14,96.61,95.2,608685
2012-08-21,95.86,96.58,94.08,735650
2012-08-22,93.8,94.35,94.06,1059776
2012-08-23,93.75,94.59,92.95,597447
2012-08-24,92.48,93.93,93.2,462062
2012-08-27,93.49,94.08,92.63,491877
2012-08-28,92.46,93.17,91.87,643564
2012-08-29,92.39,92.39,89.7,1071406
2012-08-30,89.48,89.48,88.15,624275
2012-08-31,89.28,91.05,89.74,606918
2012-09-03,89.74,89.74,89.74,0
2012-09-04,89.9,90.11,88.14,937431
2012-09-05,88.2,88.83,88.58,1012423
2012-09-06,89.81,94.91,91.76,1565612
2012-09-07,92.67,94.4,94.27,636650
2012-09-10,94.42,96.22,93.9,821593
2012-09-11,94.15,94.6099,93.99,959401
2012-09-12,94.82,95.77,93.22,889852
2012-09-13,93.1,97.9,97.28,1446279
2012-09-14,97.9,101.51,101.15,1716128
2012-09-17,100.83,102.26,99.8,949524
2012-09-18,98.87,99.26,97.92,877151
2012-09-19,97.55,98.63,97.57,989005
2012-09-20,96.68,97.84,97.49,556621
2012-09-21,98.66,100.42,100.23,1160210
2012-09-24,98.5,99.0,96.94,856855
2012-09-25,97.65,98.28,96.03,1038656
2012-09-26,95.62,95.9,93.0,1299783
2012-09-27,94.17,95.7,94.43,917930
2012-09-28,93.44,95.04,94.75,968812
2012-10-01,96.28,98.22,97.48,1121513
2012-10-02,97.69,97.85,96.88,912248
2012-10-03,96.62,96.62,95.02,826329
2012-10-04,95.86,96.085,95.94,790469
2012-10-05,96.73,96.86,93.98,714404
2012-10-08,93.15,94.87,94.81,465060
2012-10-09,94.81,96.44,95.3,468856
2012-10-10,95.01,95.92,93.36,722731
2012-10-11,94.71,95.13,92.99,924988
2012-10-12,92.9,94.18,91.46,1088573
2012-10-15,91.18,92.11,92.1,731615
2012-10-16,92.72,93.89,93.08,611660
2012-10-17,93.5,94.65,94.52,801291
2012-10-18,93.69,94.93,94.36,532011
2012-10-19,94.16,94.68,92.34,759004
2012-10-22,92.4,92.85,89.54,1136773
2012-10-23,87.85,87.87,87.26,1102271
2012-10-24,88.0,88.0,86.17,789885
2012-10-25,87.22,87.86,87.56,563060
2012-10-26,87.41,88.2,86.77,647788
2012-10-29,86.77,86.77,86.77,0
2012-10-30,86.77,86.77,86.77,0
2012-10-31,87.38,87.52,86.12,611970
2012-11-01,85.9,88.2184,88.07,980375
2012-11-02,88.07,89.18,87.6,645430
2012-11-05,87.5,88.84,88.34,454688
2012-11-06,89.13,90.515,90.26,893235
2012-11-07,87.23,89.105,87.0,908194
2012-11-08,85.0,87.33,80.4,4835829
2012-11-09,81.53,83.51,82.73,2032503
2012-11-12,82.85,83.38,80.97,1273482
2012-11-13,79.27,82.22,80.42,981517
2012-11-14,79.94,81.63,80.06,1014910
2012-11-15,80.03,80.93,80.32,1164272
2012-11-16,80.81,81.0,79.14,1174050
2012-11-19,80.64,81.605,81.57,674126
2012-11-20,81.25,81.835,79.65,1235062
2012-11-21,80.0,81.12,80.45,573483
2012-11-22,80.45,80.45,80.45,0
2012-11-23,80.64,81.34,81.24,148104
2012-11-26,79.29,80.42,78.9,954269
2012-11-27,78.77,79.59,78.62,1016540
2012-11-28,78.19,78.57,78.12,1137178
2012-11-29,78.98,81.26,80.46,1129565
2012-11-30,80.43,81.18,80.26,866161
2012-12-03,80.62,81.17,78.78,810494
2012-12-04,78.5,78.8184,77.8,787753
2012-12-05,79.68,82.848,81.63,1480681
2012-12-06,81.13,81.97,81.07,748596
2012-12-07,81.15,82.35,81.67,534472
2012-12-10,82.93,82.93,82.59,1015434
2012-12-11,82.87,84.37,83.67,861766
2012-12-12,83.95,85.37,84.01,1361090
2012-12-13,84.11,87.6,81.69,1014956
2012-12-14,83.58,83.9,82.39,677710
2012-12-17,82.7,83.1,82.69,736556
2012-12-18,82.85,84.83,83.71,725203
2012-12-19,83.52,83.61,81.67,1108841
2012-12-20,81.42,82.17,81.26,2140709
2012-12-21,79.88,80.27,79.49,1950702
2012-12-24,79.48,79.86,78.71,444973
2012-12-25,78.71,78.71,78.71,0
2012-12-26,79.21,79.86,79.03,509437
2012-12-27,79.12,79.12,78.15,1065164
2012-12-28,77.69,79.25,78.87,2490848
2012-12-31,78.73,80.92,80.56,734224
2013-01-01,80.56,80.56,80.56,0
2013-01-02,80.87,82.66,81.96,1444831
2013-01-03,81.66,85.23,83.63,1777380
2013-01-04,83.46,84.49,83.78,1026269
2013-01-07,82.76,83.9,83.6,1366184
2013-01-08,83.44,85.04,85.02,1286784
2013-01-09,85.0,85.33,84.8,973195
2013-01-10,85.41,86.95,86.4,1482142
2013-01-11,86.27,86.89,85.83,804448
2013-01-14,85.77,86.85,86.41,890887
2013-01-15,85.66,87.78,87.46,974059
2013-01-16,86.96,87.46,87.01,868418
2013-01-17,87.85,88.79,88.3,864990
2013-01-18,87.85,89.21,89.2,1013919
2013-01-21,89.2,89.2,89.2,0
2013-01-22,89.13,90.75,90.64,757499
2013-01-23,90.24,90.684,89.45,837155
2013-01-24,89.47,91.46,90.35,812853
2013-01-25,90.81,91.96,91.9,644129
2013-01-28,92.0,92.0,90.53,590844
2013-01-29,90.46,91.68,91.54,1125944
2013-01-30,92.25,96.51,91.49,783367
2013-01-31,90.74,91.63,91.22,656801
2013-02-01,91.36,91.83,91.38,617368
2013-02-04,90.42,90.84,90.46,429687
2013-02-05,91.06,91.37,90.67,834775
2013-02-06,90.6,92.08,92.08,580015
2013-02-07,92.26,92.78,91.82,522472
2013-02-08,93.74,97.87,96.15,1521147
2013-02-11,96.13,96.62,96.52,638630
2013-02-12,96.53,96.97,96.16,857633
2013-02-13,96.07,96.15,93.96,1413661
2013-02-14,94.13,96.94,96.45,1373550
2013-02-15,96.07,96.55,96.44,1225489
2013-02-18,96.44,96.44,96.44,0
2013-02-19,96.72,97.85,97.79,654167
2013-02-20,97.84,97.98,94.67,1082843
2013-02-21,95.54,95.54,92.85,1358901
2013-02-22,93.55,96.4,94.75,1442080
2013-02-25,95.24,95.41,90.21,1364327
2013-02-26,90.79,91.25,89.07,1684041
2013-02-27,89.23,90.758,89.5,989781
2013-02-28,89.74,90.63,89.96,1182193
2013-03-01,89.12,89.24,88.39,1304471
2013-03-04,88.13,89.275,88.22,1235714
2013-03-05,89.09,89.6,88.89,922884
2013-03-06,89.22,89.3625,87.93,793584
2013-03-07,88.63,91.385,90.92,1035514
2013-03-08,91.25,92.82,92.5,791984
2013-03-11,91.96,92.29,91.36,667127
2013-03-12,91.73,91.99,91.48,791084
2013-03-13,91.34,95.39,94.09,1519866
2013-03-14,94.18,97.0,96.82,1226111
2013-03-15,96.7,97.95,96.19,1111357
2013-03-18,94.99,97.27,96.38,1061297
2013-03-19,96.39,96.475,93.01,722114
2013-03-20,94.02,95.64,94.7,883042
2013-03-21,94.23,94.99,93.45,585958
2013-03-22,94.11,95.07,94.93,1156030
2013-03-25,95.46,97.47,97.16,1336399
2013-03-26,97.75,98.84,98.69,1407482
2013-03-27,97.74,99.39,98.36,1358908
2013-03-28,98.18,98.87,97.43,659939
2013-03-29,97.43,97.43,97.43,0
2013-04-01,97.49,97.62,97.35,514005
2013-04-02,97.51,97.51,94.02,970526
2013-04-03,94.01,94.25,91.07,827400
2013-04-04,91.01,91.17,89.68,834411
2013-04-05,88.42,89.87,89.23,993472
2013-04-08,89.04,91.91,91.85,852511
2013-04-09,91.83,92.59,92.14,708162
2013-04-10,92.72,93.11,91.01,718661
2013-04-11,91.18,91.98,90.11,592133
2013-04-12,88.75,88.95,86.5,1754706
2013-04-15,85.34,85.39,80.5,1688230
2013-04-16,81.95,83.9,83.48,1607142
2013-04-17,82.1,82.1,81.16,2215724
2013-04-18,81.24,82.92,82.39,1362696
2013-04-19,82.3,82.74,82.7,1405620
2013-04-22,82.84,85.535,85.21,1320554
2013-04-23,85.07,85.348,84.39,1216401
2013-04-24,84.46,87.42,86.72,930810
2013-04-25,87.28,87.8,86.44,1034524
2013-04-26,86.3,86.34,85.08,927148
2013-04-29,85.55,86.79,86.16,988856
2013-04-30,86.49,87.05,86.13,725476
2013-05-01,84.88,84.95,83.74,973021
2013-05-02,82.55,82.55,80.14,3883673
2013-05-03,81.34,83.7799,83.29,2139834
2013-05-06,83.51,84.1575,82.57,1321888
2013-05-07,83.25,84.75,83.47,1932435
2013-05-08,83.63,85.93,84.33,1103238
2013-05-09,84.31,84.54,82.81,1198659
2013-05-10,81.76,82.005,81.48,1646870
2013-05-13,81.86,82.25,81.45,1222400
2013-05-14,82.05,83.76,82.51,1095254
2013-05-15,81.7,82.28,81.04,1143252
2013-05-16,80.77,81.56,81.0,2049201
2013-05-17,81.42,83.33,83.2,1158330
2013-05-20,83.1,84.94,84.16,1765808
2013-05-21,83.58,84.73,82.7,1466368
2013-05-22,82.75,83.92,81.95,1826095
2013-05-23,80.16,81.53,81.33,804972
2013-05-24,80.44,80.82,80.52,584392
2013-05-27,80.52,80.52,80.52,0
2013-05-28,81.89,83.27,83.16,1171063
2013-05-29,83.58,84.0,83.39,1205560
2013-05-30,82.9,84.69,84.18,1582370
2013-05-31,83.76,84.85,83.66,1511183
2013-06-03,83.63,85.0,84.42,1893486
2013-06-04,84.13,86.43,86.27,1500814
2013-06-05,86.37,88.46,88.03,3218359
2013-06-06,87.81,88.81,87.93,1505996
2013-06-07,88.05,89.5,89.4,858769
2013-06-10,89.31,89.31,88.5,747758
2013-06-11,86.83,87.35,85.95,1167644
2013-06-12,87.19,87.28,85.54,809005
2013-06-13,85.46,87.28,86.95,983888
2013-06-14,87.36,87.5,86.31,1098510
2013-06-17,87.36,88.28,87.35,751234
2013-06-18,87.51,88.96,87.81,790604
2013-06-19,87.64,88.63,87.42,1093133
2013-06-20,85.2,85.9,84.59,1462824
2013-06-21,87.25,87.25,85.18,1594243
2013-06-24,84.2,85.59,84.42,1378352
2013-06-25,85.94,86.33,85.59,1232087
2013-06-26,85.99,86.58,85.97,966942
2013-06-27,86.69,87.17,84.8,754517
2013-06-28,84.51,84.85,83.72,1483737
2013-07-01,84.22,84.61,83.95,1373210
2013-07-02,84.15,85.22,84.6,949804
2013-07-03,85.1,86.29,85.99,488824
2013-07-04,85.99,85.99,85.99,0
2013-07-05,86.42,87.43,87.07,609928
2013-07-08,87.07,87.91,86.46,944704
2013-07-09,86.61,88.99,88.34,1030322
2013-07-10,88.82,89.43,88.3,947740
2013-07-11,89.19,89.7,88.14,724749
2013-07-12,87.87,88.15,87.26,910595
2013-07-15,87.11,87.44,87.03,666839
2013-07-16,87.25,87.29,86.3,650039
2013-07-17,86.78,86.9675,86.26,757394
2013-07-18,86.44,87.79,87.5,831722
2013-07-19,87.62,89.79,89.48,1067635
2013-07-22,89.1,91.005,90.93,1092052
2013-07-23,91.0,92.94,90.81,1034972
2013-07-24,90.79,91.02,88.13,929128
2013-07-25,88.56,89.64,88.01,1116071
2013-07-26,87.59,88.18,87.07,1028281
2013-07-29,86.94,88.47,88.06,568576
2013-07-30,88.49,89.37,88.9,835748
2013-07-31,89.37,91.22399999999999,89.69,1242535
2013-08-01,92.23,96.25,95.12,2296157
2013-08-02,94.8,96.04,94.54,1203309
2013-08-05,94.3,95.39,94.39,892686
2013-08-06,94.3,95.26,95.01,1272972
2013-08-07,94.73,95.58,94.0,1777440
2013-08-08,95.19,98.61,97.85,2708106
2013-08-09,97.6,98.51,98.5,1610094
2013-08-12,97.82,98.395,95.85,1635176
2013-08-13,96.15,96.15,94.42,1182715
2013-08-14,94.13,94.75,93.51,917445
2013-08-15,93.02,94.07,93.56,741608
2013-08-16,93.18,94.94,94.32,847806
2013-08-19,94.01,94.59,92.41,498229
2013-08-20,91.93,94.34,92.84,808275
2013-08-21,92.74,93.22,91.92,983970
2013-08-22,92.71,95.57,95.0,1225561
2013-08-23,95.24,96.19,96.16,738895
2013-08-26,96.51,97.88,96.89,1142400
2013-08-27,96.28,97.7,95.88,888461
2013-08-28,96.31,99.27,98.03,1069567
2013-08-29,97.53,98.02,96.41,541659
2013-08-30,96.16,97.0398,96.51,785284
2013-09-02,96.51,96.51,96.51,0
2013-09-03,97.91,97.96,96.94,794719
2013-09-04,96.54,97.69,97.3,665323
2013-09-05,97.64,100.22,99.49,1272912
2013-09-06,99.67,101.51,99.84,1395283
2013-09-09,100.16,101.91,100.98,724972
2013-09-10,100.11,100.83,100.8,1031528
2013-09-11,100.34,103.29,103.14,672711
2013-09-12,102.89,105.64,103.78,1322835
2013-09-13,103.78,104.26,103.13,594245
2013-09-16,104.12,104.56,103.06,723599
2013-09-17,103.47,104.58,104.01,711468
2013-09-18,103.95,106.48,105.88,730552
2013-09-19,106.32,107.27,105.42,1043104
2013-09-20,105.26,105.75,103.99,863845
2013-09-23,103.14,105.4,105.14,826405
2013-09-24,105.33,107.6701,106.69,924632
2013-09-25,106.8,108.84,107.5,1071201
2013-09-26,107.94,110.37,109.29,1077283
2013-09-27,108.5,108.625,107.93,676974
2013-09-30,108.83,108.92,108.81,565463
2013-10-01,109.25,114.32,113.65,1878227
2013-10-02,112.44,114.38,114.04,1465994
2013-10-03,114.33,115.84,113.99,2038085
2013-10-04,114.58,117.91,115.24,1777387
2013-10-07,111.32,114.41,111.8,1290068
2013-10-08,112.0,112.555,109.14,1179232
2013-10-09,109.02,109.46,107.45,1877299
2013-10-10,108.88,110.23,109.66,975133
2013-10-11,108.05,112.68,110.29,1193752
2013-10-14,109.53,110.99,110.41,813660
2013-10-15,110.19,113.23,111.41,1308752
2013-10-16,112.51,117.22,117.03,2214774
2013-10-17,116.71,119.47,119.13,1778618
2013-10-18,121.04,122.81,120.72,1762898
2013-10-21,120.53,121.91,117.98,1224541
2013-10-22,118.98,119.535,113.13,2048951
2013-10-23,111.63,111.63,109.04,2416458
2013-10-24,108.53,112.47,112.02,1566669
2013-10-25,112.02,113.4,112.54,904037
2013-10-28,112.94,112.97,110.0,1141355
2013-10-29,110.5,112.94,112.92,850305
2013-10-30,114.72,116.9,112.0,1679443
2013-10-31,111.79,112.35,110.61,1086601
2013-11-01,110.55,111.06,107.77,1714712
2013-11-04,108.64,113.06,112.17,1157809
2013-11-05,111.93,113.5,111.26,1616407
2013-11-06,112.35,114.41,106.88,2151633
2013-11-07,107.25,109.36,105.8,4089972
2013-11-08,107.85,111.47,110.2,2581619
2013-11-11,110.89,113.15,112.54,1500783
2013-11-12,112.13,112.13,107.23,1303626
2013-11-13,107.01,110.6,110.38,1099341
2013-11-14,111.43,111.52,111.14,1008114
2013-11-15,112.15,112.37,110.9,732959
2013-11-18,111.33,111.345,107.09,864263
2013-11-19,107.09,108.3,105.54,1361567
2013-11-20,107.33,107.65,104.24,1143318
2013-11-21,108.73,108.73,106.89,1017515
2013-11-22,106.39,107.1899,106.09,966135
2013-11-25,105.63,105.68,104.67,956171
2013-11-26,105.32,108.03,107.43,1053664
2013-11-27,106.35,107.85,104.17,841770
2013-11-28,104.17,104.17,104.17,0
2013-11-29,104.03,104.95,103.93,570214
2013-12-02,104.7,104.7,102.82,966612
2013-12-03,102.62,104.66,103.66,1597988
2013-12-04,103.89,105.89,105.04,1085692
2013-12-05,103.76,105.25,103.9,747123
2013-12-06,104.8,105.37,99.6,1634722
2013-12-09,99.81,100.5,98.99,1658036
2013-12-10,99.76,102.23,100.02,1562602
2013-12-11,99.79,100.27,98.12,1002643
2013-12-12,98.21,100.22,99.78,928893
2013-12-13,98.95,100.39,100.14,1566308
2013-12-16,100.48,101.59,100.72,899421
2013-12-17,100.8,102.45,101.68,856288
2013-12-18,101.95,104.75,103.27,1096164
2013-12-19,102.81,105.56,104.96,1159859
2013-12-20,105.0,107.25,106.47,973639
2013-12-23,106.88,107.7099,106.5,846883
2013-12-24,106.28,107.12,106.57,278572
2013-12-25,106.57,106.57,106.57,0
2013-12-26,106.57,107.63,106.28,382972
2013-12-27,106.93,108.71,108.26,434284
2013-12-30,108.29,108.91,106.46,672367
2013-12-31,106.76,108.26,108.0,438486
2014-01-01,108.0,108.0,108.0,0
2014-01-02,106.44,108.84,103.14,1815364
2014-01-03,103.25,104.24,102.62,1167374
2014-01-06,102.82,102.82,100.4,1158530
2014-01-07,101.16,103.34,101.1,1032643
2014-01-08,101.3,102.75,100.61,1416849
2014-01-09,100.63,101.4,98.71,1490675
2014-01-10,99.07,100.69,98.9,1210468
2014-01-13,99.64,99.64,95.63,1595623
2014-01-14,96.51,99.91,99.26,1178672
2014-01-15,99.69,100.68,99.64,1029998
2014-01-16,99.2,101.71,100.8,996325
2014-01-17,101.4899,101.4899,99.6,1365902
2014-01-20,99.6,99.6,99.6,0
2014-01-21,98.92,100.83,99.39,1329480
2014-01-22,100.48,102.12,101.94,1333042
2014-01-23,101.33,102.24,99.51,894187
2014-01-24,99.2,99.2,96.89,704723
2014-01-27,96.76,97.2,96.0,952583
2014-01-28,96.78,98.45,97.82,801794
2014-01-29,96.43,97.39,95.78,984671
2014-01-30,96.44,97.7925,96.91,1279021
2014-01-31,95.33,98.61,97.79,1101158
2014-02-03,97.67,98.81,96.41,1168113
2014-02-04,97.46,100.57,99.83,1482760
2014-02-05,101.2,101.2,100.34,1443481
2014-02-06,100.4701,104.96,104.63,1904210
2014-02-07,105.69,110.0,108.14,2582072
2014-02-10,107.93,108.9,108.45,1036897
2014-02-11,107.97,109.7,108.46,1344821
2014-02-12,109.33,110.67,110.22,949230
2014-02-13,109.67,111.9557,110.69,1407794
2014-02-14,110.85,112.2,111.99,912919
2014-02-17,111.99,111.99,111.99,0
2014-02-18,112.5,116.58,115.85,1476387
2014-02-19,114.94,115.68,114.83,1824138
2014-02-20,113.8,119.0,116.27,1905302
2014-02-21,116.19,117.08,114.7,1644718
2014-02-24,118.34,120.73,118.55,2027552
2014-02-25,118.18,119.06,119.0,1632711
2014-02-26,119.41,120.0,117.82,1285395
2014-02-27,117.18,119.96,119.9,943748
2014-02-28,120.04,122.02,121.13,1198871
2014-03-03,120.81,123.05,122.45,1423968
2014-03-04,122.79,123.38,122.8,1261355
2014-03-05,122.75,123.35,120.85,1436359
2014-03-06,121.25,122.34,121.81,1423749
2014-03-07,121.85,123.35,121.6,1203873
2014-03-10,120.48,121.598,120.52,865246
2014-03-11,120.5,121.42,117.62,1027304
2014-03-12,115.88,117.84,116.69,1287658
2014-03-13,117.12,118.09,116.13,803284
2014-03-14,116.09,118.48,118.37,1078843
2014-03-17,118.35,119.1,118.07,727869
2014-03-18,118.3,119.905,119.22,663642
2014-03-19,119.3,119.87,117.05,906320
2014-03-20,116.37,117.35,116.66,1319009
2014-03-21,117.7,120.32,120.22,1514658
2014-03-24,120.85,121.87,119.48,1315055
2014-03-25,120.39,120.92200000000001,119.64,689369
2014-03-26,120.27,120.7,118.33,688022
2014-03-27,118.87,124.85,122.19,2071438
2014-03-28,122.62,125.15,124.35,1172759
2014-03-31,124.71,124.71,122.5,888849
2014-04-01,123.16,124.35,124.31,1169990
2014-04-02,123.76,125.71,125.61,907933
2014-04-03,125.44,128.38,125.85,1378675
2014-04-04,127.35,127.53,124.92,1048909
2014-04-07,124.15,124.71,121.35,680358
2014-04-08,121.82,125.27,124.97,984954
2014-04-09,125.79,126.95,126.88,659630
2014-04-10,126.2,127.38,123.73,788102
2014-04-11,123.31,126.0,125.32,829579
2014-04-14,126.46,128.53,127.23,736963
2014-04-15,127.11,131.11,129.71,1571301
2014-04-16,131.31,132.66,131.97,1120202
2014-04-17,131.99,134.0,133.2,1098514
2014-04-18,133.2,133.2,133.2,0
2014-04-21,133.43,133.85,133.39,982050
2014-04-22,133.24,133.24,131.04,1239894
2014-04-23,131.45,133.55,132.72,1282063
2014-04-24,133.89,135.33,133.6,1221695
2014-04-25,132.53,133.082,128.7,1224508
2014-04-28,128.67,130.03,127.9,1652712
2014-04-29,129.49,133.45,130.67,864310
2014-04-30,129.84,130.66,130.45,1222442
2014-05-01,129.42,130.8,130.03,1090553
2014-05-02,130.22,132.27,131.65,495854
2014-05-05,130.5,132.47,131.62,624941
2014-05-06,131.22,132.18,131.22,925864
2014-05-07,133.86,135.35,134.6,1188991
2014-05-08,134.5,135.28,133.61,1867915
2014-05-09,133.47,134.72,134.48,1251991
2014-05-12,133.05,134.37,129.94,2733666
2014-05-13,131.65,132.98,131.99,5072332
2014-05-14,132.16,134.24,132.49,1802666
2014-05-15,132.14,132.23,130.74,1230392
2014-05-16,130.43,131.02,130.1,771749
2014-05-19,130.51,132.1899,130.57,772441
2014-05-20,130.5,131.29,131.01,534851
2014-05-21,131.36,133.18,132.58,841074
2014-05-22,132.57,134.36,132.25,574062
2014-05-23,131.85,132.5,130.75,1275342
2014-05-26,130.75,130.75,130.75,0
2014-05-27,131.22,132.22,131.56,537224
2014-05-28,131.78,131.99,129.98,1077281
2014-05-29,130.27,133.33,133.25,1165665
2014-05-30,132.58,132.88,131.8,1177955
2014-06-02,131.55,132.53,131.19,537097
2014-06-03,130.76,132.52,132.39,586848
2014-06-04,132.64,134.46,133.77,631868
2014-06-05,133.36,134.19,133.36,1037234
2014-06-06,134.36,135.96,134.83,599423
2014-06-09,135.11,135.98,133.81,688562
2014-06-10,133.36,134.5,133.88,707561
2014-06-11,133.46,137.96,137.46,694464
2014-06-12,138.77,142.15,138.77,1316714
2014-06-13,139.94,142.08,141.83,887158
2014-06-16,141.83,142.12,140.09,773286
2014-06-17,139.41,140.04,137.83,1011571
2014-06-18,137.95,139.42,139.3,961089
2014-06-19,139.82,140.47,140.46,724192
2014-06-20,141.33,143.26,143.26,1123517
2014-06-23,143.25,145.7,143.2,1159258
2014-06-24,142.37,142.99,136.39,1295150
2014-06-25,136.14,140.54,140.29,1442822
2014-06-26,139.79,139.79,139.18,630896
2014-06-27,139.36,142.05,142.04,634954
2014-06-30,141.95,144.61,144.5,1275530
2014-07-01,145.97,145.99,142.72,1079499
2014-07-02,142.12,143.88,140.38,902519
2014-07-03,141.17,142.35,142.33,419591
2014-07-04,142.33,142.33,142.33,0
2014-07-07,141.38,142.73,142.43,808046
2014-07-08,142.25,144.64,144.5,1130290
2014-07-09,143.98,148.19,147.88,1452402
2014-07-10,145.56,148.61,147.76,1374217
2014-07-11,147.49,147.49,146.56,1561607
2014-07-14,147.31,148.43,148.0,763051
2014-07-15,147.61,147.61,141.86,1821965
2014-07-16,143.2,145.88,145.53,977015
2014-07-17,145.01,147.3699,142.78,890940
2014-07-18,142.96,145.48,144.99,573096
2014-07-21,144.86,145.85,145.38,555651
2014-07-22,146.3,147.2,146.31,458926
2014-07-23,147.35,147.83,147.21,580786
2014-07-24,147.54,148.3,147.45,766886
2014-07-25,146.31,146.9,146.37,970676
2014-07-28,145.8,146.52,145.04,711039
2014-07-29,144.22,146.9,145.9,473374
2014-07-30,147.34,147.72,144.52,526310
2014-07-31,144.02,144.02,140.8,1091202
2014-08-01,139.67,140.32,136.56,1582080
2014-08-04,137.74,142.0,141.2,1204446
2014-08-05,140.13,140.739,135.71,1407228
2014-08-06,136.13,139.56,136.22,1556882
2014-08-07,135.74,135.74,130.92,1983428
2014-08-08,130.91,133.63,133.33,1164560
2014-08-11,135.0,135.84,133.87,739937
2014-08-12,133.75,134.77,130.91,1097749
2014-08-13,131.51,133.37,131.46,826899
2014-08-14,131.5,131.5,127.95,1599616
2014-08-15,128.01,130.25,129.5,880239
2014-08-18,129.67,130.35,129.28,809771
2014-08-19,129.93,131.94,128.21,1313181
2014-08-20,127.91,130.415,130.3,837536
2014-08-21,129.95,133.2,133.09,1176525
2014-08-22,133.09,133.47,132.29,904148
2014-08-25,136.5245,138.68,138.28,1278267
2014-08-26,138.75,140.2866,137.72,1222663
2014-08-27,137.83,138.97,137.5,697416
2014-08-28,137.44,139.61,139.0,649380
2014-08-29,140.0,143.1,142.04,857442
2014-09-01,142.04,142.04,142.04,0
2014-09-02,141.85,142.0397,139.16,766558
2014-09-03,141.38,142.66,140.22,699965
2014-09-04,139.65,140.2497,135.06,1494782
2014-09-05,134.86,136.38,135.72,873791
2014-09-08,134.01,134.23,130.45,1267338
2014-09-09,130.49,132.31,129.35,858330
2014-09-10,128.78,132.25,131.96,1097277
2014-09-11,129.54,133.075,132.9,1012079
2014-09-12,131.97,132.764,130.46,548502
2014-09-15,130.05,133.12,131.51,693745
2014-09-16,131.87,134.79,133.65,1036781
2014-09-17,134.39,136.1,134.28,999093
2014-09-18,134.29,134.29,132.36,942316
2014-09-19,133.22,134.39,131.71,1099220
2014-09-22,130.84,130.98,126.63,1819362
2014-09-23,126.5,128.31,125.83,1293984
2014-09-24,125.78,129.15200000000002,127.7,812625
2014-09-25,127.7,127.7,126.23,1085399
2014-09-26,125.8,128.41,127.45,1470253
2014-09-29,125.26,130.45,130.07,1466466
2014-09-30,129.92,130.82,125.39,1641594
2014-10-01,125.7,128.05,121.44,1932723
2014-10-02,120.11,121.1,120.36,1770081
2014-10-03,120.28,121.0,116.92,1248333
2014-10-06,117.17,118.48,116.6,1553367
2014-10-07,115.38,117.47,115.14,1713937
2014-10-08,114.25,114.74,114.5,2261054
2014-10-09,112.96,114.26,109.46,1758386
2014-10-10,109.03,109.39,105.56,1868442
2014-10-13,105.0,107.03,97.92,3864473
2014-10-14,99.06,102.86,97.18,2860136
2014-10-15,94.91,102.11,101.74,2597896
2014-10-16,98.87,107.11,104.66,2025351
2014-10-17,107.49,110.05,104.84,2855528
2014-10-20,104.56,107.99,105.18,876574
2014-10-21,106.8,110.71,110.6,1515913
2014-10-22,111.09,111.67,106.25,1639536
2014-10-23,108.83,112.15,110.92,1621180
2014-10-24,109.26,109.53,108.99,1222898
2014-10-27,106.16,106.25,105.46,1383778
2014-10-28,106.18,108.17,107.47,1439254
2014-10-29,109.28,110.98,108.97,1338133
2014-10-30,107.82,109.61,106.76,1006920
2014-10-31,107.09,109.21,109.03,1489719
2014-11-03,109.8,112.56,106.44,1720680
2014-11-04,103.93,104.885,102.72,1703703
2014-11-05,104.81,107.03,106.49,2015187
2014-11-06,104.48,112.42,112.2,2256215
2014-11-07,112.37,118.78,117.88,3019106
2014-11-10,118.81,121.18,115.58,2283069
2014-11-11,115.54,117.71,116.43,1189675
2014-11-12,114.45,116.8,115.53,1236049
2014-11-13,114.55,116.17,114.97,1440870
2014-11-14,116.41,118.48,117.84,1285581
2014-11-17,116.39,117.21,114.13,1484674
2014-11-18,114.12,116.05,114.98,945276
2014-11-19,115.24,117.15,115.16,970950
2014-11-20,115.83,119.98100000000001,117.83,1199552
2014-11-21,121.35,122.63,121.0,1719920
2014-11-24,120.08,121.0,118.42,1339959
2014-11-25,119.23,120.43,115.39,1482019
2014-11-26,114.62,115.03,112.15,1738341
2014-11-27,112.15,112.15,112.15,0
2014-11-28,101.73,101.97,95.25,2506202
2014-12-01,94.37,94.9699,92.43,3652037
2014-12-02,91.0,94.73,93.28,1987143
2014-12-03,94.0,98.4,96.86,2493476
2014-12-04,93.78,97.02,96.88,1590528
2014-12-05,96.32,98.91,95.44,1995625
2014-12-08,94.22,94.27,86.99,2273200
2014-12-09,88.05,91.3,90.72,1667677
2014-12-10,87.65,88.34,86.71,2258348
2014-12-11,88.17,88.8,85.95,2259859
2014-12-12,82.94,87.31,85.36,2214511
2014-12-15,86.18,86.555,83.01,2291221
2014-12-16,81.81,85.73,83.55,8073864
2014-12-17,84.2,92.79,91.59,3276517
2014-12-18,95.26,95.89,93.97,2728240
2014-12-19,94.69,99.16,98.98,1675415
2014-12-22,96.95,97.99,97.18,1470045
2014-12-23,98.08,100.19,99.9,1573697
2014-12-24,98.97,100.63,99.86,889378
2014-12-25,99.86,99.86,99.86,0
2014-12-26,100.93,102.38,100.63,1392262
2014-12-29,101.62,102.51,100.41,1654000
2014-12-30,99.53,102.35,99.39,942532
2014-12-31,98.3,100.68,99.75,911409
2015-01-01,99.75,99.75,99.75,0
2015-01-02,99.69,102.52,101.01,1034416
2015-01-05,99.15,99.15,96.11,1780512
2015-01-06,94.83,97.02,94.18,2876145
2015-01-07,95.09,96.68,91.99,1694151
2015-01-08,92.96,97.32,96.4,1684756
2015-01-09,97.56,100.11,99.42,1724357
2015-01-12,97.36,97.37,95.08,2232302
2015-01-13,95.8,97.99,96.98,1734789
2015-01-14,95.69,100.98,100.66,4238840
2015-01-15,103.56,105.02,100.51,2788697
2015-01-16,101.58,106.59,105.0,1996231
2015-01-19,105.0,105.0,105.0,0
2015-01-20,104.53,105.95,105.67,1682682
2015-01-21,107.4,110.165,108.49,2178307
2015-01-22,109.65,109.65,106.4,2779492
2015-01-23,105.98,110.78,106.72,1905841
2015-01-26,107.21,110.72,110.66,1570550
2015-01-27,110.19,113.865,112.57,2234475
2015-01-28,112.08,112.934,106.46,2432612
2015-01-29,107.27,108.294,106.46,1786590
2015-01-30,105.43,112.85,110.85,1611282
2015-02-02,111.66,116.625,116.02,1855054
2015-02-03,118.25,119.82,115.72,3842437
2015-02-04,113.04,113.9,109.81,1968481
2015-02-05,111.91,113.86,113.04,1875093
2015-02-06,114.35,115.64,114.48,1549967
2015-02-09,115.3,116.89,112.04,1807053
2015-02-10,112.23,112.31,110.25,1776220
2015-02-11,107.45,111.17,110.98,1991237
2015-02-12,113.41,117.34,115.6,1605765
2015-02-13,117.34,118.99,117.11,1365768
2015-02-16,117.11,117.11,117.11,0
2015-02-17,116.36,118.77,118.16,1114952
2015-02-18,116.33,119.9416,118.26,1390617
2015-02-19,112.54,120.075,118.37,1689005
2015-02-20,118.7,119.235,117.22,1130635
2015-02-23,114.9,118.41,117.07,1177522
2015-02-24,118.41,118.7,113.35,2247713
2015-02-25,112.8,117.24,116.78,1421072
2015-02-26,122.14,122.14,112.97,2621343
2015-02-27,109.25,111.33,108.92,5361886
2015-03-02,109.5,114.49,113.92,3310317
2015-03-03,114.0,116.79,114.78,1546210
2015-03-04,115.67,116.0699,114.16,1484766
2015-03-05,114.39,114.6,113.46,960668
2015-03-06,111.65,113.14,111.11,1121312
2015-03-09,111.38,112.66,110.49,1229700
2015-03-10,108.0,110.61,106.59,1948496
2015-03-11,106.92,108.85,107.82,1246610
2015-03-12,108.92,109.0,106.76,1102277
2015-03-13,105.59,106.42,105.49,1805394
2015-03-16,104.59,108.33,108.28,1170865
2015-03-17,107.57,108.751,105.84,943813
2015-03-18,104.45,108.845,107.4,2626553
2015-03-19,105.13,106.49,106.2,1140658
2015-03-20,107.22,109.545,108.18,1529674
2015-03-23,108.93,109.61,105.73,1009964
2015-03-24,105.65,106.99,106.24,921598
2015-03-25,107.3,109.14,108.45,1222638
2015-03-26,110.32,113.7,111.77,1913972
2015-03-27,110.56,112.9,112.84,1428535
2015-03-30,114.04,115.99,114.99,1349611
2015-03-31,113.59,116.94,115.92,1678032
2015-04-01,116.75,120.28,118.13,1606115
2015-04-02,118.62,121.0499,119.35,1868315
2015-04-03,119.35,119.35,119.35,0
2015-04-06,120.54,122.69,121.16,1675335
2015-04-07,121.12,122.89,121.0,1410876
2015-04-08,124.35,124.35,119.75,1197719
2015-04-09,120.5,122.65,122.2,1281587
2015-04-10,122.8,122.8,120.91,1047301
2015-04-13,121.57,122.25,119.44,582295
2015-04-14,120.63,122.46,122.26,828263
2015-04-15,121.47,125.89,125.04,1581972
2015-04-16,124.21,128.36,125.57,1358461
2015-04-17,124.19,125.5,124.75,948977
2015-04-20,124.17,127.27,125.48,1225407
2015-04-21,125.67,126.758,123.27,1694000
2015-04-22,124.12,124.65,123.6,890127
2015-04-23,124.4,127.765,126.48,1082284
2015-04-24,126.18,126.65,125.84,770764
2015-04-27,126.95,127.03,125.04,825232
2015-04-28,125.45,126.24,126.01,868941
2015-04-29,125.86,128.55,128.31,1157502
2015-04-30,128.4,128.82,126.66,889051
2015-05-01,125.83,127.35,124.6,893457
2015-05-04,125.27,127.0,126.74,2215889
2015-05-05,134.07,134.13,121.04,3786782
2015-05-06,123.0,123.6,120.1,1808784
2015-05-07,120.27,120.31,117.12,1658673
2015-05-08,117.93,118.95,118.3,1124502
2015-05-11,119.53,119.64399999999999,115.35,1119791
2015-05-12,115.71,119.68,119.59,1066822
2015-05-13,120.36,120.61,118.07,888876
2015-05-14,118.53,118.53,114.15,1618265
2015-05-15,113.0,117.03,115.84,1059400
2015-05-18,116.33,119.065,118.66,1101428
2015-05-19,117.21,117.85,116.61,866834
2015-05-20,117.34,119.25,118.9,1130122
2015-05-21,119.73,122.09,122.03,1029855
2015-05-22,120.52,122.79,121.49,790949
2015-05-25,121.49,121.49,121.49,0
2015-05-26,119.28,120.71,119.45,743010
2015-05-27,119.47,120.33,118.52,806606
2015-05-28,117.58,118.54,117.31,759337
2015-05-29,118.11,121.28,120.3,1627251
2015-06-01,120.86,120.99,120.26,915116
2015-06-02,121.18,124.32,122.25,1187243
2015-06-03,121.95,123.815,119.59,904038
2015-06-04,118.25,119.29,118.04,1059249
2015-06-05,117.07,120.85,118.16,1450859
2015-06-08,117.66,120.56,120.23,1456572
2015-06-09,121.77,124.31,122.55,1269078
2015-06-10,124.69,126.11,125.67,1128531
2015-06-11,126.08,126.3,124.4,992435
2015-06-12,123.71,124.31,123.95,999048
2015-06-15,122.75,124.715,124.09,1414172
2015-06-16,123.6,125.6,125.0,498626
2015-06-17,127.39,127.48,124.17,802728
2015-06-18,124.5,125.55,123.92,813050
2015-06-19,123.58,124.44,123.7,1119417
2015-06-22,124.2,126.26,125.48,1182324
2015-06-23,125.39,125.86399999999999,124.74,1032921
2015-06-24,124.01,125.48,120.9,1522072
2015-06-25,120.85,121.62,117.07,2522118
2015-06-26,116.43,116.52,112.59,5329352
2015-06-29,111.29,113.95,111.97,2035990
2015-06-30,113.29,114.43,113.86,1615794
2015-07-01,113.9,115.13,111.61,2146571
2015-07-02,112.03,113.23,112.37,1141989
2015-07-03,112.37,112.37,112.37,0
2015-07-06,110.09,111.36,107.39,1629311
2015-07-07,107.5,109.58,109.49,3047427
2015-07-08,108.72,109.57,106.85,1669903
2015-07-09,107.94,111.21,109.73,906799
2015-07-10,110.99,111.695,108.44,904238
2015-07-13,108.5,110.36,110.17,1131771
2015-07-14,109.52,112.2,111.25,1364565
2015-07-15,110.28,111.46,108.1,1100990
2015-07-16,109.08,109.42,107.51,1105717
2015-07-17,107.27,107.56,105.04,1309035
2015-07-20,104.83,105.56,102.65,2343238
2015-07-21,103.52,106.52,104.18,1238162
2015-07-22,104.44,105.7,105.41,1780865
2015-07-23,105.71,106.92,105.62,1913006
2015-07-24,105.43,106.02,103.01,1738698
2015-07-27,101.15,101.77,99.19,2345074
2015-07-28,99.97,102.45,102.19,2390170
2015-07-29,101.99,107.43,106.78,2506313
2015-07-30,107.46,112.59,108.45,3876128
2015-07-31,107.55,108.4,106.56,1731270
2015-08-03,105.37,108.19,104.5,1945966
2015-08-04,105.63,107.29,105.15,1689909
2015-08-05,106.59,108.3,105.95,1630806
2015-08-06,105.03,109.54,108.96,2910399
2015-08-07,108.5,111.59,107.32,1736308
2015-08-10,107.89,111.87,111.76,1150701
2015-08-11,109.86,112.2,111.93,1499426
2015-08-12,111.43,114.15,114.09,1549418
2015-08-13,112.78,113.4425,109.97,1335979
2015-08-14,109.82,111.65,110.13,759317
2015-08-17,109.49,110.32,109.78,708001
2015-08-18,109.18,110.7,110.57,926739
2015-08-19,109.76,110.9684,105.59,2112925
2015-08-20,105.75,106.26,104.15,2332536
2015-08-21,103.74,104.62,100.77,2260296
2015-08-24,94.96,99.16,95.38,2788950
2015-08-25,98.69,99.34,92.53,1962823
2015-08-26,94.93,95.38,95.09,1853753
2015-08-27,97.99,103.535,102.99,2212157
2015-08-28,102.41,108.44,105.83,2073550
2015-08-31,104.5,109.23,108.16,1752332
2015-09-01,104.89,107.95,103.16,1431775
2015-09-02,104.88,105.61,105.57,1230342
2015-09-03,106.65,109.36,106.42,1385185
2015-09-04,104.64,105.571,104.47,949330
2015-09-07,104.47,104.47,104.47,0
2015-09-08,105.06,107.26,106.92,1448912
2015-09-09,108.01,108.6897,101.58,1534542
2015-09-10,102.14,103.22,102.01,1561583
2015-09-11,99.97,100.23,98.62,2590707
2015-09-14,98.27,98.36,96.27,2235929
2015-09-15,96.86,98.11,98.1,2042227
2015-09-16,99.72,105.14,104.93,2426826
2015-09-17,105.04,107.84,105.27,2081119
2015-09-18,102.36,104.23,102.67,1704913
2015-09-21,104.13,105.28,104.38,938608
2015-09-22,102.16,105.43,103.0,1632797
2015-09-23,103.28,104.06,100.98,1172388
2015-09-24,100.1,102.57,101.73,1083336
2015-09-25,102.82,103.655,100.96,1007790
2015-09-28,99.88,100.542,95.14,1581317
2015-09-29,96.02,98.08,96.6,1115257
2015-09-30,97.57,100.17,98.3,1358000
2015-10-01,95.48,98.85,98.21,7044531
2015-10-02,97.22,103.5,102.62,2262118
2015-10-05,104.0,108.28,107.55,2521147
2015-10-06,107.29,109.32,107.56,2874106
2015-10-07,110.18,116.4,111.04,2778481
2015-10-08,111.13,116.46,116.43,2461593
2015-10-09,116.5,117.19,115.9,1947608
2015-10-12,116.0,116.0,115.08,1131536
2015-10-13,115.03,117.9,115.6,2061176
2015-10-14,115.55,117.09,115.61,1175399
2015-10-15,114.74,117.11,116.2,1160259
2015-10-16,116.7,117.6,116.63,1315524
2015-10-19,114.84,114.85,111.73,1196387
2015-10-20,111.81,114.46,113.78,936318
2015-10-21,112.69,113.9,111.76,1352957
2015-10-22,112.6,114.46,112.83,1097949
2015-10-23,111.83,113.77,112.6,1316160
2015-10-26,112.02,113.21,111.45,1152779
2015-10-27,109.34,111.06,110.78,1694778
2015-10-28,110.86,115.89,114.78,1592584
2015-10-29,114.5,117.75,116.0,1417533
2015-10-30,116.23,117.52,115.91,1420854
2015-11-02,115.17,116.57,115.14,1453676
2015-11-03,115.95,120.41,117.83,2308707
2015-11-04,117.77,119.24,116.75,2230164
2015-11-05,114.34,116.81,113.2,2788226
2015-11-06,112.65,115.17,111.43,2594654
2015-11-09,112.56,113.2765,111.53,1507303
2015-11-10,111.04,111.66,111.34,1701753
2015-11-11,111.07,112.58,107.18,1853567
2015-11-12,105.99,106.99,104.81,1456314
2015-11-13,103.98,105.4099,104.92,2045901
2015-11-16,105.07,107.91,107.76,1412592
2015-11-17,107.26,109.94,109.08,1542574
2015-11-18,110.19,112.21,112.06,1233526
2015-11-19,110.61,111.19,109.12,848162
2015-11-20,109.27,110.81,108.71,853531
2015-11-23,108.72,110.25,109.5,1036021
2015-11-24,110.31,113.815,112.53,1111066
2015-11-25,110.98,111.74,111.0,774538
2015-11-26,111.0,111.0,111.0,0
2015-11-27,109.21,109.94,108.3,544073
2015-11-30,108.76,110.165,109.44,1042029
2015-12-01,110.52,112.5,111.91,1253456
2015-12-02,111.35,111.42,106.0,1857399
2015-12-03,107.52,108.39,106.2,1141053
2015-12-04,105.0,107.555,105.84,1376578
2015-12-07,102.5,102.76,99.59,2094647
2015-12-08,99.45,102.12,100.19,2260276
2015-12-09,100.84,102.72,99.36,2061589
2015-12-10,98.7,105.22,103.7,2084950
2015-12-11,102.33,102.8,98.99,1463163
2015-12-14,98.27,102.9,102.43,2092543
2015-12-15,103.93,108.87,108.57,2397823
2015-12-16,108.48,108.84,102.15,2085544
2015-12-17,102.31,102.7,95.47,2943347
2015-12-18,95.8,97.14,91.97,3188695
2015-12-21,92.27,92.99,86.67,4312327
2015-12-22,86.91,90.06,88.41,3521911
2015-12-23,90.01,96.67,96.54,2514032
2015-12-24,96.02,96.9999,95.77,898192
2015-12-25,95.77,95.77,95.77,0
2015-12-28,93.7,93.75,90.5,1671733
2015-12-29,92.48,94.92,92.72,1619675
2015-12-30,90.81,92.78,91.58,947232
2015-12-31,91.28,94.29,92.86,1263089
2016-01-01,92.86,92.86,92.86,0
2016-01-04,92.68,93.79,90.29,2112378
2016-01-05,90.6,91.995,91.05,1506454
2016-01-06,86.84,87.01,84.29,2870734
2016-01-07,81.87,85.89,82.42,2310443
2016-01-08,83.33,85.56,84.42,1913442
2016-01-11,85.5,86.28,82.17,1917996
2016-01-12,83.59,84.89,80.52,4178568
2016-01-13,82.11,83.85,78.4,2284525
2016-01-14,79.17,81.96,80.95,2282825
2016-01-15,76.64,79.09,77.07,2675337
2016-01-18,77.07,77.07,77.07,0
2016-01-19,78.66,79.29,75.98,3035135
2016-01-20,73.62,74.58,72.52,4669091
2016-01-21,72.69,82.16,81.39,3375752
2016-01-22,86.04,88.9,85.87,2874896
2016-01-25,83.69,86.95,80.68,1546585
2016-01-26,83.29,88.63,88.15,2551016
2016-01-27,86.61,92.54,87.94,3046813
2016-01-28,93.49,93.54,91.08,2434187
2016-01-29,91.49,95.21,95.13,2313804
2016-02-01,93.82,94.41,92.01,1784379
2016-02-02,88.42,91.51,88.92,1580109
2016-02-03,90.84,92.46,91.3,2444459
2016-02-04,92.71,93.2,90.0,2777923
2016-02-05,88.91,90.23,87.27,2154015
2016-02-08,85.0,88.05799999999999,87.15,1596412
2016-02-09,85.94,87.65,85.58,1670848
2016-02-10,85.49,88.9099,85.97,1518721
2016-02-11,84.23,85.16,84.9,1732486
2016-02-12,87.4,87.76899999999999,87.15,1208392
2016-02-15,87.15,87.15,87.15,0
2016-02-16,89.2,89.5,88.14,1992828
2016-02-17,94.11,97.0,95.51,8177640
2016-02-18,95.57,96.24,93.96,6266942
2016-02-19,92.83,94.42,92.29,23881667
2016-02-22,93.53,95.19,94.97,3525027
2016-02-23,93.93,94.35,90.87,2551976
2016-02-24,90.25,92.0,91.54,3218128
2016-02-25,88.5,91.0,88.78,4492812
2016-02-26,93.0,94.26,91.93,2785390
2016-02-29,92.21,92.89,90.24,2193341
2016-03-01,90.58,92.06,91.24,3202539
2016-03-02,90.92,96.94,96.74,2385330
2016-03-03,95.78,100.16,97.23,2858691
2016-03-04,98.06,102.3,98.16,3826110
2016-03-07,98.1,101.21,101.15,3680052
2016-03-08,99.57,100.2,95.45,1803576
2016-03-09,97.63,98.69,96.68,1902057
2016-03-10,96.16,97.61,96.84,2282849
2016-03-11,98.61,102.43,102.06,2723489
2016-03-14,99.69,103.295,102.19,2487827
2016-03-15,99.99,102.55,102.5,1554071
2016-03-16,103.52,105.93,105.37,2001234
2016-03-17,106.32,107.0,104.96,2324256
2016-03-18,106.2,106.78,104.9,3048790
2016-03-21,104.51,106.15,104.33,1477894
2016-03-22,103.44,104.43,103.36,1241810
2016-03-23,101.85,103.62,101.54,1788082
2016-03-24,99.11,104.08,103.61,1732571
2016-03-25,103.61,103.61,103.61,0
2016-03-28,103.8,104.02,101.85,1348631
2016-03-29,100.08,103.9999,103.49,1086999
2016-03-30,104.94,105.61,101.95,1318867
2016-03-31,101.72,102.55,101.04,1502745
2016-04-01,98.65,101.71,101.13,1591028
2016-04-04,101.73,102.26,97.9,1259933
2016-04-05,96.48,98.74,97.48,1824456
2016-04-06,98.48,102.83,101.9,1781297
2016-04-07,101.25,103.18,103.13,1521039
2016-04-08,106.15,106.7,105.2,2009024
2016-04-11,105.87,106.69,104.71,1321851
2016-04-12,105.55,108.89,107.09,1186716
2016-04-13,107.43,107.81,107.28,1467545
2016-04-14,107.42,108.19,107.8,831533
2016-04-15,107.0,107.0,104.65,1620530
2016-04-18,100.74,107.7,107.34,1890669
2016-04-19,108.83,111.54,110.03,1787240
2016-04-20,108.96,112.98,111.99,1352805
2016-04-21,112.38,113.74,112.01,1580688
2016-04-22,112.3,114.75,114.26,1124275
2016-04-25,113.91,114.7,113.2,1324594
2016-04-26,113.77,119.13,118.96,1933294
2016-04-27,120.13,122.5,121.51,1884761
2016-04-28,120.69,122.53,119.03,1393505
2016-04-29,119.22,121.11,116.17,1714604
2016-05-02,116.22,117.79,117.06,1338829
2016-05-03,115.37,116.26,112.83,1717421
2016-05-04,113.35,115.26,111.55,1620407
2016-05-05,115.02,118.39,116.91,2112822
2016-05-06,115.4,117.82,114.66,1206674
2016-05-09,113.98,114.69,113.53,1245464
2016-05-10,114.01,117.19,117.09,903527
2016-05-11,116.51,117.98,116.53,860423
2016-05-12,118.64,120.28,117.53,1163373
2016-05-13,116.89,118.07,115.83,648291
2016-05-16,118.0,119.79,118.16,906872
2016-05-17,118.72,118.92,118.83,1235508
2016-05-18,118.57,119.48,116.84,1730986
2016-05-19,114.73,116.95,116.89,1399403
2016-05-20,117.45,118.01,117.77,1207868
2016-05-23,116.77,118.56,117.64,953964
2016-05-24,118.69,119.41,117.68,868829
2016-05-25,118.59,121.24,120.25,1275110
2016-05-26,121.34,123.01,122.4,1647687
2016-05-27,121.43,122.39,122.19,1076155
2016-05-30,122.19,122.19,122.19,0
2016-05-31,122.78,123.88,121.34,853587
2016-06-01,120.13,121.77,121.3,949892
2016-06-02,120.0,121.28,120.98,858785
2016-06-03,121.31,121.57,119.35,768353
2016-06-06,121.1,121.11,120.51,1090849
2016-06-07,121.72,126.47,126.26,1629104
2016-06-08,127.75,129.07,126.29,1807131
2016-06-09,124.35,125.77,124.47,976598
2016-06-10,122.88,123.72,119.78,990872
2016-06-13,119.49,121.39,119.67,1295220
2016-06-14,119.33,122.62,122.46,1255003
2016-06-15,121.53,123.83,122.16,996159
2016-06-16,120.24,120.24,117.84,1440993
2016-06-17,119.13,120.9999,120.81,1456379
2016-06-20,122.75,123.56,122.45,1040381
2016-06-21,122.07,125.85,125.55,1130165
2016-06-22,126.4,126.78,125.74,1024400
2016-06-23,126.93,130.03,129.95,1600684
2016-06-24,124.22,126.01,121.06,1965681
2016-06-27,119.53,120.65,115.48,1772230
2016-06-28,118.56,120.22,118.81,1858713
2016-06-29,120.26,121.13,120.5,1753156
2016-06-30,120.43,120.43,119.27,1783041
2016-07-01,119.44,120.685,119.03,1315891
2016-07-04,119.03,119.03,119.03,0
2016-07-05,116.7,117.1,116.56,1170130
2016-07-06,116.45,118.63,118.33,1524887
2016-07-07,120.01,120.33,115.83,1282819
2016-07-08,117.47,119.12,118.39,1245574
2016-07-11,119.3,119.63,118.28,868103
2016-07-12,120.56,123.76,122.35,1250239
2016-07-13,123.0,123.49,121.04,1419917
2016-07-14,122.63,123.31,123.3,974882
2016-07-15,123.91,124.61,122.98,1016044
2016-07-18,122.44,123.34,122.15,812593
2016-07-19,122.22,122.22,121.48,833886
2016-07-20,120.53,122.26,121.56,901938
2016-07-21,121.56,123.31,121.16,966610
2016-07-22,121.65,123.1,122.84,1160178
2016-07-25,121.4,121.93,118.47,1738756
2016-07-26,117.68,120.8,120.74,1552908
2016-07-27,121.0,122.84,119.61,1419873
2016-07-28,119.4,121.72,119.66,1414154
2016-07-29,117.87,124.35,124.2,1473844
2016-08-01,123.31,123.44,118.09,2323834
2016-08-02,119.72,121.33,121.29,2060490
2016-08-03,121.78,126.43,126.01,2824232
2016-08-04,125.75,128.19,125.9,1362220
2016-08-05,126.52,129.21,128.92,1259548
2016-08-08,130.22,132.33,129.88,1121267
2016-08-09,130.78,131.59,129.46,1023652
2016-08-10,129.89,130.91,128.5,837084
2016-08-11,129.71,133.05,132.13,954142
2016-08-12,132.71,134.03,133.73,835386
2016-08-15,134.65,137.4,136.44,1053710
2016-08-16,130.87,133.01,131.78,7504035
2016-08-17,132.7,133.16,132.79,1597219
2016-08-18,133.66,135.48,135.44,1774956
2016-08-19,134.9,135.37,134.0,1542954
2016-08-22,132.88,133.61,133.24,1074091
2016-08-23,133.41,135.12,134.02,1303186
2016-08-24,133.15,134.4,132.38,1309749
2016-08-25,132.5,132.7,132.03,1156352
2016-08-26,132.9,134.71,132.84,1216734
2016-08-29,132.31,133.55,132.97,1184116
2016-08-30,133.8,134.19,132.27,1438306
2016-08-31,131.59,132.07,129.2,1668157
2016-09-01,128.57,130.54,130.5,1063994
2016-09-02,132.22,132.61,131.49,1054535
2016-09-05,131.49,131.49,131.49,0
2016-09-06,131.99,132.55,132.53,1331914
2016-09-07,133.03,134.53,133.61,1683280
2016-09-08,134.91,136.12,134.17,1522574
2016-09-09,132.21,133.47,130.47,1278862
2016-09-12,130.03,132.23,130.78,1192156
2016-09-13,128.11,128.3,124.52,1737774
2016-09-14,124.37,125.79,123.45,1472026
2016-09-15,124.15,126.46,125.35,854399
2016-09-16,123.04,125.66,125.39,1828598
2016-09-19,126.58,127.525,124.02,1493512
2016-09-20,123.6,125.14,122.77,1591643
2016-09-21,124.6,128.43,128.31,1422940
2016-09-22,130.22,131.01,127.67,918855
2016-09-23,126.51,128.68,125.03,1226083
2016-09-26,125.67,129.25,126.51,1483845
2016-09-27,124.23,124.8,122.89,1509461
2016-09-28,124.09,130.14,130.04,1985504
2016-09-29,129.72,134.73,133.66,2296135
2016-09-30,134.4,137.83,137.35,1769749
2016-10-03,137.64,138.42,137.66,1434653
2016-10-04,138.35,138.55,137.2,1179564
2016-10-05,139.41,142.1,140.8,1174647
2016-10-06,141.0,141.61,140.86,825911
2016-10-07,141.18,141.36,139.57,985737
2016-10-10,141.64,143.6,141.86,1724527
2016-10-11,141.45,141.56,140.08,1241774
2016-10-12,138.76,139.76,138.69,974948
2016-10-13,137.61,139.26,138.29,1226369
2016-10-14,139.66,140.29,136.7,1053222
2016-10-17,136.02,137.89,136.93,656197
2016-10-18,138.89,140.45,136.55,693363
2016-10-19,138.19,141.41,139.47,1193402
2016-10-20,137.85,140.39,139.49,1172448
2016-10-21,137.94,138.9,138.0,884660
2016-10-24,137.93,138.525,135.75,1481623
2016-10-25,135.51,137.97,133.07,1515139
2016-10-26,131.69,134.14,134.04,1260829
2016-10-27,134.94,135.35,133.65,980871
2016-10-28,133.5,135.32,129.13,1833318
2016-10-31,128.7,129.65,126.94,1486724
2016-11-01,128.07,129.44,128.6,1190748
2016-11-02,126.25,128.92,128.39,1720316
2016-11-03,129.07,129.95,129.04,2043896
2016-11-04,128.75,129.96,126.68,2186088
2016-11-07,129.33,131.18,131.1,2005335
2016-11-08,129.94,135.46,134.06,2341854
2016-11-09,133.34,137.99,132.68,3558445
2016-11-10,131.37,133.26,131.25,1408237
2016-11-11,130.23,131.38,126.89,1909531
2016-11-14,126.49,128.62,128.41,1557822
2016-11-15,130.48,134.12,133.59,1772357
2016-11-16,133.11,135.08,131.5,983335
2016-11-17,133.45,135.99,130.44,1207643
2016-11-18,131.12,131.97,130.05,1555254
2016-11-21,133.46,137.93,136.96,1699214
2016-11-22,137.655,138.87,138.54,1859440
2016-11-23,137.39,139.27,138.39,1052549
2016-11-24,138.39,138.39,138.39,0
2016-11-25,137.19,138.2,134.26,689689
2016-11-28,135.83,135.91,129.5,1556302
2016-11-29,127.03,128.9,127.33,1895261
2016-11-30,135.92,143.66,143.02,3413646
2016-12-01,146.47,146.87,141.79,2345665
2016-12-02,141.75,143.62,142.6,1332843
2016-12-05,144.15,146.38,142.72,1573645
2016-12-06,141.21,143.78,143.25,1067486
2016-12-07,142.09,142.9899,142.5,1611651
2016-12-08,143.82,144.53,142.78,1868989
2016-12-09,143.66,143.995,142.36,1251192
2016-12-12,146.62,147.55,140.84,2586643
2016-12-13,138.48,144.17,142.0,1597172
2016-12-14,140.15,142.87,137.71,1941930
2016-12-15,137.08,139.57,139.22,1548462
2016-12-16,139.12,139.34,138.25,2589990
2016-12-19,138.68,139.98,138.57,1209971
2016-12-20,138.9,139.45,136.84,1117169
2016-12-21,138.07,138.07,136.6,1051096
2016-12-22,136.85,138.5,136.49,1158595
2016-12-23,136.17,137.76,136.33,745317
2016-12-26,136.33,136.33,136.33,0
2016-12-27,137.25,138.07,136.98,642116
2016-12-28,136.71,136.84,135.04,1018448
2016-12-29,135.06,135.47,134.14,853678
2016-12-30,134.22,135.37,132.6,1042991
